danc,1,2,3,4,5,6,7,8,9,10,11,12,13,14,15,16,17,18,19,20,21,22,23,24,25,26,27,28,29,30,31,32,33,34,35,36,37,38,39,40,41,42,43,44,45,46,47,48
1,63,63,62,62,60,60,58,58,59,59,65,65,72,72,85,85,95,95,99,99,100,100,99,99,93,93,92,92,90,90,88,88,90,90,92,92,96,96,98,98,96,96,90,90,80,80,70,70
2,121.3,119.7,118.2,116,114.5,114,113.7,113.1,114.2,114.3,117.4,118.8,122.3,125.6,78.9,83,88.2,90.9,92.1,92.5,93.7,95.7,94.8,94.1,93.4,92,93.6,94.9,94.7,94.7,94.1,94.9,95.6,93.4,80.6,84.6,93.9,96.9,96,94.6,97.9,100.7,99.7,97,97.9,95.1,89,84.8
3,121.3,119.7,118.2,116,114.5,114,113.7,113.1,114.2,114.3,117.4,118.8,122.3,125.6,78.9,83,88.2,90.9,92.1,92.5,93.7,95.7,94.8,94.1,93.4,92,93.6,94.9,94.7,94.7,94.1,94.9,95.6,93.4,80.6,84.6,93.9,96.9,96,94.6,97.9,100.7,99.7,97,97.9,95.1,89,84.8
4,100,100,100,100,100,100,100,100,100,100,100,100,100,100,100,100,100,100,100,100,100,100,100,100,100,100,100,100,100,100,100,100,100,100,100,100,100,100,100,100,100,100,100,100,100,100,100,100
5,100,100,100,100,100,100,100,100,100,100,100,100,100,100,100,100,100,100,100,100,100,100,100,100,100,100,100,100,100,100,100,100,100,100,100,100,100,100,100,100,100,100,100,100,100,100,100,100
6,100,100,100,100,100,100,100,100,100,100,100,100,100,100,100,100,100,100,100,100,100,100,100,100,100,100,100,100,100,100,100,100,100,100,100,100,100,100,100,100,100,100,100,100,100,100,100,100
7,120.9,114.9,110.4,108.1,105.7,103.7,102.3,102.3,103.8,106.3,111.8,118,125.5,129.7,69.3,73.3,77.2,80.2,82.7,85,87.1,88.8,89.4,89.8,88.1,87.4,89.7,90.8,91.3,91.3,91.4,91,90.5,89.2,87.6,86,89.7,93.9,93.5,92.9,90.8,90.7,89,86,80.4,78.8,73.7,69.5
8,100,100,100,100,100,100,100,100,100,100,100,100,100,100,100,100,100,100,100,100,100,100,100,100,100,100,100,100,100,100,100,100,100,100,100,100,100,100,100,100,100,100,100,100,100,100,100,100
9,164.8,160.3,156.9,154.2,151.7,150,148.2,146.5,145.9,146.8,149.2,147.8,148.7,150.9,84.2,88.2,91.8,94.7,97.6,99.5,101.3,103,104,104.2,104.5,102.7,104.8,107.4,108.1,108.8,108.3,108,106.2,103.5,99,97.2,105.7,106.6,105.3,102.7,103,104.9,104.2,103.2,103.9,103.8,101.8,99.3
10,126.4,122.3,119.2,117,114.9,113.6,112.2,110.8,110.5,111.4,113.4,112.3,113.1,114.8,71,74.9,78.3,81.1,83.8,85.5,87.2,89,89.9,90.1,90.5,88.8,90.9,93.4,94,94.8,94.2,93.9,92.2,89.6,83.6,82,89.7,90.5,89.3,86.9,87.4,89.1,88.4,87.5,89.9,89.8,87.9,85.5
11,77.5,76.1,75.2,74.3,73.9,75,74.9,74.2,73.6,74.5,75,70.7,72.7,73.9,53.9,58.1,60.9,61.6,62.4,62.2,62.7,64.2,61.5,62.7,66.4,66.3,67.9,69.2,68.7,69.8,69.7,70.2,69.8,68.4,69.4,71.4,73.4,72.4,70.2,68.8,67,66.6,67.4,67.9,65.5,64.3,63,61.6
12,114.3,110.4,108.6,106.1,103,100.6,100.7,100.1,100,100.9,103.5,106,104.9,106.5,64.4,68.6,74.9,78.6,80.9,81.9,83.5,85.6,85.7,86.7,86.4,86.2,89.8,88.9,88.5,87.5,87.6,87.1,85.4,85,82.9,79.7,78.8,85.8,85.5,83,80.6,79.6,81.7,83,79,73,68.5,65
13,152.1,145.8,141.7,138.3,135.9,133.9,132.7,131.3,129.4,130.4,134.2,136.3,137.8,144.1,84.3,89.5,95.6,100.9,105.1,107.2,110.2,113.4,117.1,119.9,118.8,115.4,114.4,114.8,116.9,118.2,118,118.4,117.9,117.1,111.7,107,108.2,119.5,118.9,117.6,114.1,112,112.5,111.2,109.8,106.3,99.7,93.9
14,120.6,121.1,121.8,122.3,122.6,122.9,122.8,122.8,122.7,122.7,122.6,122.2,121.8,121.4,120.1,119.2,118.6,118.2,118,117.6,117.3,117,116.9,117,117.3,117.4,116.8,116.6,116.3,116.3,116.4,116.4,116.4,116.8,117.6,117.8,117.2,116.7,116.7,116.9,117.2,117.2,117.2,117.4,117.7,117.8,118.6,119.4
15,120.9,114.9,110.4,108.1,105.7,103.7,102.3,102.3,103.8,106.3,111.8,118,125.5,129.7,69.3,73.3,77.2,80.2,82.7,85,87.1,88.8,89.4,89.8,88.1,87.4,89.7,90.8,91.3,91.3,91.4,91,90.5,89.2,87.6,86,89.7,93.9,93.5,92.9,90.8,90.7,89,86,80.4,78.8,73.7,69.5
16,202.3,195.4,196.5,189.4,189.8,182.4,182.3,178.2,178.1,178.1,174,169.5,161.1,156.7,90.6,98.3,106.1,109.9,113.9,117.6,119.3,117,114.9,112.9,109.1,113.3,120.9,126.8,130.6,130.6,130.7,130.6,128.7,125,119.8,109.2,98.1,112.5,112.5,112.7,112.9,115,123.6,130.2,126,128.2,129,125.7
17,100,100,100,100,100,100,100,100,100,100,100,100,100,100,100,100,100,100,100,100,100,100,100,100,100,100,100,100,100,100,100,100,100,100,100,100,100,100,100,100,100,100,100,100,100,100,100,100
18,100,100,100,100,100,100,100,100,100,100,100,100,100,100,100,100,100,100,100,100,100,100,100,100,100,100,100,100,100,100,100,100,100,100,100,100,100,100,100,100,100,100,100,100,100,100,100,100
19,104.5,100.6,97.9,96,94.9,95.2,94,93.7,94,96,99.1,103.5,111.6,114.3,69.5,74.3,79.5,83,84.9,87.1,88.9,90.6,92.7,89.3,85,84.5,89.1,93.4,94.9,95.1,95.1,95.6,95.6,94.5,92.2,88.1,84.4,94.3,95.3,92.7,89.4,89,90.5,89.6,86.1,83.7,79.3,74.5
20,100,100,100,100,100,100,100,100,100,100,100,100,100,100,100,100,100,100,100,100,100,100,100,100,100,100,100,100,100,100,100,100,100,100,100,100,100,100,100,100,100,100,100,100,100,100,100,100
21,100,100,100,100,100,100,100,100,100,100,100,100,100,100,100,100,100,100,100,100,100,100,100,100,100,100,100,100,100,100,100,100,100,100,100,100,100,100,100,100,100,100,100,100,100,100,100,100
22,104.5,100.6,97.9,96,94.9,95.2,94,93.7,94,96,99.1,103.5,111.6,114.3,69.5,74.3,79.5,83,84.9,87.1,88.9,90.6,92.7,89.3,85,84.5,89.1,93.4,94.9,95.1,95.1,95.6,95.6,94.5,92.2,88.1,84.4,94.3,95.3,92.7,89.4,89,90.5,89.6,86.1,83.7,79.3,74.5
23,100,100,100,100,100,100,100,100,100,100,100,100,100,100,100,100,100,100,100,100,100,100,100,100,100,100,100,100,100,100,100,100,100,100,100,100,100,100,100,100,100,100,100,100,100,100,100,100
24,97.2,93,89.3,87,85.1,83.7,83.7,83.8,84.5,84.8,87,91.8,100.9,107.8,60.7,66.8,71.9,74.4,75.6,76.9,78.5,80.6,81.9,78.5,72.4,71.3,74.1,77.3,78.1,78.3,78.3,78.4,78.5,78.2,76.2,72.3,71.3,79.8,84.9,83.4,80,79.7,79,75.8,72.1,71.9,67.1,62.6
25,96,94.1,92.5,91.6,91.1,91.2,92.4,92.5,93.4,94.9,102.2,108.4,116.4,120.2,75.4,80.2,83.8,85,85.7,87.7,90.2,92.9,95.2,93,86,84.7,87.5,91.9,93.3,93.8,94.1,93.8,93.9,93.7,93.7,91.4,92.2,93.9,91.7,89.6,87.2,86.8,84,84.3,79.4,77,72.6,68.2
26,67.4,64.9,63.2,61.4,59.9,59.4,58.5,58.5,58.3,58,57.8,57.9,57.1,56.2,38.3,38.7,41.1,43.6,46.6,49.6,50.9,52.1,53.1,54.4,54,53.5,53.5,53.5,55.5,57.6,58.4,59,58.6,58.2,58.4,57.1,54.3,51.8,53.7,55.7,54.8,53.9,53.5,53,52.6,53,52,50.8
27,100,100,100,100,100,100,100,100,100,100,100,100,100,100,100,100,100,100,100,100,100,100,100,100,100,100,100,100,100,100,100,100,100,100,100,100,100,100,100,100,100,100,100,100,100,100,100,100
28,113,106.4,101.1,98.2,95.7,93.5,92.1,91.9,93.7,96.4,102.9,111.2,119.3,124.1,66.9,71.6,75.6,78.9,81.8,84.2,86.6,88.8,89.4,89.7,87.7,86.9,89.4,90.7,91.3,91.2,91.3,90.9,90.3,89,82.6,81,85,89.4,89.1,88.3,86.2,86.1,84.3,81.3,79.6,78,72,67.4
29,122.9,117.1,112.6,110.1,107.8,105.9,104.6,104.4,106,108.4,114.2,121.6,128.7,132.8,90.3,95.4,100,103.7,106.9,109.7,112.3,114.8,115.4,115.8,113.6,112.8,115.5,117,117.6,117.5,117.6,117.2,116.5,115.1,106.3,104.4,109,113.9,113.6,112.6,110.3,110.2,108.2,104.8,104.5,102.7,95.9,90.7
30,104.5,99.5,95.6,93.5,91.6,90,88.9,88.8,90,92.1,97.1,103.4,109.4,112.8,80.2,84.8,88.8,92.2,95.1,97.6,99.8,102,102.6,103,101,100.3,102.7,103.9,104.5,104.5,104.6,104.1,103.5,102.2,98.1,96.3,100.6,105,104.7,103.8,101.7,101.7,99.8,96.6,92.9,91.3,85.3,80.6
31,97.2,93,89.3,87,85.1,83.7,83.7,83.8,84.5,84.8,87,91.8,100.9,107.8,60.7,66.8,71.9,74.4,75.6,76.9,78.5,80.6,81.9,78.5,72.4,71.3,74.1,77.3,78.1,78.3,78.3,78.4,78.5,78.2,76.2,72.3,71.3,79.8,84.9,83.4,80,79.7,79,75.8,72.1,71.9,67.1,62.6
32,97.2,93,89.3,87,85.1,83.7,83.7,83.8,84.5,84.8,87,91.8,100.9,107.8,60.7,66.8,71.9,74.4,75.6,76.9,78.5,80.6,81.9,78.5,72.4,71.3,74.1,77.3,78.1,78.3,78.3,78.4,78.5,78.2,76.2,72.3,71.3,79.8,84.9,83.4,80,79.7,79,75.8,72.1,71.9,67.1,62.6
33,100,100,100,100,100,100,100,100,100,100,100,100,100,100,100,100,100,100,100,100,100,100,100,100,100,100,100,100,100,100,100,100,100,100,100,100,100,100,100,100,100,100,100,100,100,100,100,100
34,100,100,100,100,100,100,100,100,100,100,100,100,100,100,100,100,100,100,100,100,100,100,100,100,100,100,100,100,100,100,100,100,100,100,100,100,100,100,100,100,100,100,100,100,100,100,100,100
35,125.8,119.9,114.9,112.5,110.3,108.1,106.9,106.8,108.4,110.8,116.8,124.2,131.5,136,71.2,75.1,78.8,81.8,84.2,86.4,88.4,90.3,90.8,91.3,89.4,88.7,90.9,92.1,92.6,92.6,92.7,92.3,91.8,90.5,85,83.5,87.2,91,90.9,90.1,88.3,88.1,86.5,83.6,82.2,80.8,75.5,71.5
36,122.1,116.4,111.7,109,106.9,104.8,104,103.9,105.4,107.8,113.1,120.6,128,131.5,82.3,87.1,91,94.7,97.7,100,102.4,104.7,105.1,105.6,103.7,102.9,105.4,106.6,107.2,107.1,107.2,106.8,106.4,105,93.6,92.1,96.1,100.1,100.2,99.1,96.9,96.9,95.3,92.2,95.2,93.6,87.5,82.7
37,131.8,125.3,120.4,118,115.5,112.9,112.9,111.3,114.2,115.6,122.6,130.7,137.4,142.6,73.9,78.1,81.7,84.8,87.4,89.7,92.1,93.9,94.5,95.2,93.4,92.2,94.4,96.2,96.6,96.6,96.6,96,95.4,94.3,84.4,82.6,86.5,90.4,90.5,89.4,87.8,87.7,85.9,83,85.8,83.9,78.4,74.2
38,100,100,100,100,100,100,100,100,100,100,100,100,100,100,100,100,100,100,100,100,100,100,100,100,100,100,100,100,100,100,100,100,100,100,100,100,100,100,100,100,100,100,100,100,100,100,100,100
39,100,100,100,100,100,100,100,100,100,100,100,100,100,100,100,100,100,100,100,100,100,100,100,100,100,100,100,100,100,100,100,100,100,100,100,100,100,100,100,100,100,100,100,100,100,100,100,100
40,100,100,100,100,100,100,100,100,100,100,100,100,100,100,100,100,100,100,100,100,100,100,100,100,100,100,100,100,100,100,100,100,100,100,100,100,100,100,100,100,100,100,100,100,100,100,100,100
41,100,100,100,100,100,100,100,100,100,100,100,100,100,100,100,100,100,100,100,100,100,100,100,100,100,100,100,100,100,100,100,100,100,100,100,100,100,100,100,100,100,100,100,100,100,100,100,100
42,134.8,128.4,123.4,120.6,118.2,116.1,114.6,114.5,116.2,118.9,125.2,133.3,140.9,145.5,90.9,96.2,100.7,104.6,107.8,110.5,113.2,115.6,116.3,116.7,114.5,113.6,116.4,117.8,118.5,118.4,118.5,118,117.3,115.9,108.1,106.2,110.8,115.8,115.4,114.5,112.2,112,110,106.5,105.3,103.5,96.7,91.4
43,100,100,100,100,100,100,100,100,100,100,100,100,100,100,100,100,100,100,100,100,100,100,100,100,100,100,100,100,100,100,100,100,100,100,100,100,100,100,100,100,100,100,100,100,100,100,100,100
44,100,100,100,100,100,100,100,100,100,100,100,100,100,100,100,100,100,100,100,100,100,100,100,100,100,100,100,100,100,100,100,100,100,100,100,100,100,100,100,100,100,100,100,100,100,100,100,100
45,179.5,176.6,175.7,173.8,172.4,170.1,169.5,167,164.5,164.2,164.6,161.5,161.4,153.2,81,80.8,86.1,93.1,99.6,103.1,105.1,107.1,109.2,109.8,108.3,105.8,107.1,110.6,119.4,125,126.2,126,125.5,124.5,134.4,129.5,113.7,105.5,108.4,108.1,106.5,106.3,106.8,115,112.8,115.7,116.9,117
46,179.5,176.6,175.7,173.8,172.4,170.1,169.5,167,164.5,164.2,164.6,161.5,161.4,153.2,81,80.8,86.1,93.1,99.6,103.1,105.1,107.1,109.2,109.8,108.3,105.8,107.1,110.6,119.4,125,126.2,126,125.5,124.5,134.4,129.5,113.7,105.5,108.4,108.1,106.5,106.3,106.8,115,112.8,115.7,116.9,117
47,153.4,150.7,148.6,146.2,146.4,144.5,142.4,139.7,137.5,135.4,134.6,133,131.6,130.8,75,73.1,75.8,82.3,87.3,90,92.2,94.6,95.3,95.9,95.3,93.6,92.2,94.4,98.3,101,103,103.1,102.1,100.2,112,109.2,103.6,96,93,95.8,97,98.4,98.1,98.6,88.4,90.6,89.1,87.3
48,129.9,128,125.1,122.2,118.3,115.5,111.6,108.7,106.8,104.8,102.9,102,100,99.1,51.9,46.7,47.8,48.3,51.9,56,60.6,63.7,65.2,66.8,69.4,70.9,71.4,71.9,73,75,79.7,82.7,84.2,84.7,89.9,87.7,85,81.7,76.2,81.1,83.8,84.4,84.9,84.4,79.6,79.6,80.1,80.1
49,100,100,100,100,100,100,100,100,100,100,100,100,100,100,100,100,100,100,100,100,100,100,100,100,100,100,100,100,100,100,100,100,100,100,100,100,100,100,100,100,100,100,100,100,100,100,100,100
51,100,100,100,100,100,100,100,100,100,100,100,100,100,100,100,100,100,100,100,100,100,100,100,100,100,100,100,100,100,100,100,100,100,100,100,100,100,100,100,100,100,100,100,100,100,100,100,100
52,100,100,98.9,97.9,96.8,96.8,96.8,96.8,97.9,97.9,98.9,90.4,90.4,93.6,64.5,66,66.7,68.1,68.9,71,72.5,73.9,74.6,76.1,74.6,75.4,72.5,73.2,73.2,74.6,73.2,71.7,68.9,66,58.2,68.6,76.5,78.4,76.5,74.5,73.2,71.9,71.9,72.6,80.4,79,76.1,75.4
53,104.3,102.7,101.4,100.7,100.6,99.5,100,99.7,100.2,100.6,102.3,99.3,94,89.1,51.8,51.1,53.8,55.6,56.2,57.7,60.4,63,65,66.8,64.3,64.2,64.7,67.6,69.4,69.4,69.1,70.6,70.4,71.7,71.5,70.3,72.3,75.4,72.3,71.5,69.7,65.6,70,80,80.8,80.1,79.2,76.6
54,94,92.9,91.2,90.3,89.6,88.8,88.6,88.4,88.3,89,89.9,88.4,90.4,93.2,70.2,72.9,75.8,78.1,79.5,80.8,81.9,83,84.3,85.2,84.3,83.2,82.9,83.9,83.7,84,83.4,83.2,82.1,81.1,81.1,86.4,85,85.6,84,82,80.2,79.7,83.1,83.8,81.2,78.9,76,73.5
55,115.4,113,112.2,111.2,110.8,110,110.6,110.8,111.3,111.5,109.7,105.6,108.7,112.2,83.1,86.4,89.8,92.8,94.7,96.3,97.5,98.2,97.8,97.5,96.1,95.4,96.8,97.8,98.5,98.7,98.4,97.9,97.4,96.9,95.8,98.8,101,98.9,97.2,95.9,95.4,96.8,98.4,97.2,94.4,93.7,91.7,90.6
56,114.2,111.3,108.4,107.9,107,106.6,106.2,105.4,105.9,106.6,105.2,97.4,96.9,100.2,70.1,75.9,80.7,83.7,85,87.5,89.5,90,87.7,86.4,85.6,87,90.6,93.7,95.1,95.8,94.5,93.5,91.2,87.1,84.5,84,89.9,91.4,89.4,88.3,87.3,89.9,92.5,93,84.5,82.2,80.7,78.8
57,100.3,98.2,94.3,91.2,87.8,85.2,83,80.1,77.8,75.8,73.8,66.9,59.3,60.4,41.2,48.1,55.3,59.2,62,63.7,65.7,66.9,66.2,64.7,64.8,67.8,70.5,74.1,76.1,77.5,76.7,77,75.6,72.4,61.4,56.3,58.7,62.7,62.6,61.8,60.8,62.6,63.8,65.4,71,69.8,68.6,67.2
58,214.7,211.6,208.5,205,201.7,199.1,196.1,191.3,189.3,186.8,184.1,171.7,154.6,144.8,83.6,90.8,97,103.4,107.8,106.8,111.3,110.1,109.5,109.2,111.2,112.3,119.3,123.8,128.6,130.8,130.1,128.4,125.1,118.8,111.2,106.7,106.9,112.7,111.7,114.8,113.7,113.8,117.1,125.6,129.4,129.3,130.9,130.8
59,142,140.3,137.6,136.4,135.1,134,131.4,129,128.8,127.7,127,125.4,117.5,111.5,85,88.6,95.7,101.7,104.4,105.6,107.3,107.6,107.8,106.1,105.5,106.4,110.3,113.6,117,118.9,119.1,118.6,115.9,113.3,104.2,99.9,96.4,99.1,100.4,102,102.3,102.5,102,107.2,115.1,114.3,114.1,113.6
61,100,100,100,100,100,100,100,100,100,100,100,100,100,100,100,100,100,100,100,100,100,100,100,100,100,100,100,100,100,100,100,100,100,100,100,100,100,100,100,100,100,100,100,100,100,100,100,100
62,115.4,113,112.2,111.2,110.8,110,110.6,110.8,111.3,111.5,109.7,105.6,108.7,112.2,83.1,86.4,89.8,92.8,94.7,96.3,97.5,98.2,97.8,97.5,96.1,95.4,96.8,97.8,98.5,98.7,98.4,97.9,97.4,96.9,95.8,98.8,101,98.9,97.2,95.9,95.4,96.8,98.4,97.2,94.4,93.7,91.7,90.6
63,100,100,100,100,100,100,100,100,100,100,100,100,100,100,100,100,100,100,100,100,100,100,100,100,100,100,100,100,100,100,100,100,100,100,100,100,100,100,100,100,100,100,100,100,100,100,100,100
64,100,100,100,100,100,100,100,100,100,100,100,100,100,100,100,100,100,100,100,100,100,100,100,100,100,100,100,100,100,100,100,100,100,100,100,100,100,100,100,100,100,100,100,100,100,100,100,100
65,100,100,100,100,100,100,100,100,100,100,100,100,100,100,100,100,100,100,100,100,100,100,100,100,100,100,100,100,100,100,100,100,100,100,100,100,100,100,100,100,100,100,100,100,100,100,100,100
66,100,100,100,100,100,100,100,100,100,100,100,100,100,100,100,100,100,100,100,100,100,100,100,100,100,100,100,100,100,100,100,100,100,100,100,100,100,100,100,100,100,100,100,100,100,100,100,100
67,100,100,100,100,100,100,100,100,100,100,100,100,100,100,100,100,100,100,100,100,100,100,100,100,100,100,100,100,100,100,100,100,100,100,100,100,100,100,100,100,100,100,100,100,100,100,100,100
68,100,100,100,100,100,100,100,100,100,100,100,100,100,100,100,100,100,100,100,100,100,100,100,100,100,100,100,100,100,100,100,100,100,100,100,100,100,100,100,100,100,100,100,100,100,100,100,100
69,100,100,100,100,100,100,100,100,100,100,100,100,100,100,100,100,100,100,100,100,100,100,100,100,100,100,100,100,100,100,100,100,100,100,100,100,100,100,100,100,100,100,100,100,100,100,100,100
70,0,0,0,0,0,0,0,0,0,0,0,0,0,0,0,0,0,0,0,0,0,0,0,0,0,0,0,0,0,0,0,0,0,0,0,0,0,0,0,0,0,0,0,0,0,0,0,0
71,100,100,100,100,100,100,100,100,100,100,100,100,100,100,100,100,100,100,100,100,100,100,100,100,100,100,100,100,100,100,100,100,100,100,100,100,100,100,100,100,100,100,100,100,100,100,100,100
72,100,100,100,100,100,100,100,100,100,100,100,100,100,100,100,100,100,100,100,100,100,100,100,100,100,100,100,100,100,100,100,100,100,100,100,100,100,100,100,100,100,100,100,100,100,100,100,100
73,100,100,100,100,100,100,100,100,100,100,100,100,100,100,100,100,100,100,100,100,100,100,100,100,100,100,100,100,100,100,100,100,100,100,100,100,100,100,100,100,100,100,100,100,100,100,100,100
74,114.3,110.4,108.6,106.1,103,100.6,100.7,100.1,100,100.9,103.5,106,104.9,106.5,64.4,68.6,74.9,78.6,80.9,81.9,83.5,85.6,85.7,86.7,86.4,86.2,89.8,88.9,88.5,87.5,87.6,87.1,85.4,85,82.9,79.7,78.8,85.8,85.5,83,80.6,79.6,81.7,83,79,73,68.5,65
75,100,100,100,100,100,100,100,100,100,100,100,100,100,100,100,100,100,100,100,100,100,100,100,100,100,100,100,100,100,100,100,100,100,100,100,100,100,100,100,100,100,100,100,100,100,100,100,100
80,100,100,100,100,100,100,100,100,100,100,100,100,100,100,100,100,100,100,100,100,100,100,100,100,100,100,100,100,100,100,100,100,100,100,100,100,100,100,100,100,100,100,100,100,100,100,100,100
81,100,100,100,100,100,100,100,100,100,100,100,100,100,100,100,100,100,100,100,100,100,100,100,100,100,100,100,100,100,100,100,100,100,100,100,100,100,100,100,100,100,100,100,100,100,100,100,100
82,116.1,114.8,112.9,111.1,109.2,107.4,106,104.2,102.8,101.4,100.5,98.6,92.2,85.2,62.9,65.4,70.3,73.4,74.8,75.5,76.6,78,78.3,79.4,80.4,84.6,88.1,91.3,91.6,92.7,93.4,93.4,92.7,90.2,85,80.2,79.2,84.6,87.4,88.7,90.1,90.1,91.8,92.5,94.1,94.7,94.4,92.7
85,135.6,134.4,132.8,130.5,128.4,126.4,124.5,123,121.5,120.1,118.3,117.2,115.7,111.7,67.3,67.8,71.8,76,79.5,81.3,82.5,83.3,83.8,84.1,83.3,83.3,84.2,87.2,90,92,92.1,90.9,89.5,88.4,81.4,77.1,72.6,72.1,75.5,78.1,79.6,80.9,81.9,82.6,87.2,87.9,88.1,88.1
86,135.6,134.4,132.8,130.5,128.4,126.4,124.5,123,121.5,120.1,118.3,117.2,115.7,111.7,67.3,67.8,71.8,76,79.5,81.3,82.5,83.3,83.8,84.1,83.3,83.3,84.2,87.2,90,92,92.1,90.9,89.5,88.4,81.4,77.1,72.6,72.1,75.5,78.1,79.6,80.9,81.9,82.6,87.2,87.9,88.1,88.1
91,56.2,56.2,56.2,56.2,56.2,56.2,56.2,56.2,56.2,56.2,56.2,56.2,56.2,56.2,56.2,56.2,56.2,56.2,56.2,56.2,56.2,56.2,56.2,56.2,56.2,56.2,56.2,56.2,56.2,56.2,56.2,56.2,56.2,56.2,64.3,64.3,64.3,64.3,64.3,64.3,64.3,64.3,64.3,64.3,56.2,56.2,56.2,56.2
96,90.9,88.9,89,90.9,90.7,89.2,90.1,90.4,90.2,90.5,91.5,90.8,92.6,93.5,93.3,94.6,95.1,94.8,95,95.1,95,94.9,95.7,95.6,95.1,95.5,95.3,91.6,94.8,96.2,95.6,93.7,93.8,93.4,93.2,93.7,93.6,94.4,94,93.9,92.1,94,93.7,94,93.4,93.3,92.4,91.1
97,120.2,120.7,122.2,122.7,123.4,123.7,123.3,123.2,123.1,123.1,122.6,122.2,120.6,120.2,119.3,118.4,118.2,117.8,116.9,116.4,115.7,115.4,113.8,113.9,114.6,114.7,113.7,113.5,113.6,113.6,114,114,114.9,115.2,115.6,115.8,114.5,114,114.8,115,115.3,115.2,115.7,115.8,117.7,117.8,118.6,119.4
98,90.9,88.9,89,90.9,90.7,89.2,90.1,90.4,90.2,90.5,91.5,90.8,92.6,93.5,93.3,94.6,95.1,94.8,95,95.1,95,94.9,95.7,95.6,95.1,95.5,95.3,91.6,94.8,96.2,95.6,93.7,93.8,93.4,93.2,93.7,93.6,94.4,94,93.9,92.1,94,93.7,94,93.4,93.3,92.4,91.1
99,100,100,100,100,100,100,100,100,100,100,100,100,100,100,100,100,100,100,100,100,100,100,100,100,100,100,100,100,100,100,100,100,100,100,100,100,100,100,100,100,100,100,100,100,100,100,100,100
124,97.2,93,89.3,87,85.1,83.7,83.7,83.8,84.5,84.8,87,91.8,100.9,107.8,60.7,66.8,71.9,74.4,75.6,76.9,78.5,80.6,81.9,78.5,72.4,71.3,74.1,77.3,78.1,78.3,78.3,78.4,78.5,78.2,76.2,72.3,71.3,79.8,84.9,83.4,80,79.7,79,75.8,72.1,71.9,67.1,62.6
125,96,94.1,92.5,91.6,91.1,91.2,92.4,92.5,93.4,94.9,102.2,108.4,116.4,120.2,75.4,80.2,83.8,85,85.7,87.7,90.2,92.9,95.2,93,86,84.7,87.5,91.9,93.3,93.8,94.1,93.8,93.9,93.7,93.7,91.4,92.2,93.9,91.7,89.6,87.2,86.8,84,84.3,79.4,77,72.6,68.2
126,67.4,64.9,63.2,61.4,59.9,59.4,58.5,58.5,58.3,58,57.8,57.9,57.1,56.2,38.3,38.7,41.1,43.6,46.6,49.6,50.9,52.1,53.1,54.4,54,53.5,53.5,53.5,55.5,57.6,58.4,59,58.6,58.2,58.4,57.1,54.3,51.8,53.7,55.7,54.8,53.9,53.5,53,52.6,53,52,50.8
191,101.4,101.4,101.4,101.4,101.4,101.4,101.4,101.4,101.4,101.4,101.4,101.4,101.4,101.4,101.4,101.4,101.4,101.4,101.4,101.4,101.4,101.4,101.4,101.4,101.4,101.4,101.4,101.4,101.4,101.4,101.4,101.4,101.4,101.4,101.4,101.4,101.4,101.4,101.4,101.4,101.4,101.4,101.4,101.4,101.4,101.4,101.4,101.4
192,141.2,141.9,137.5,138,131.3,131.6,126.4,126.3,124.5,124.5,119.1,118.7,106.1,105.8,58.5,58.1,53.5,54.5,51.3,51.1,52,51.9,51.8,51.9,52,52.1,53.8,53.7,58.9,58.8,60.9,60.9,61,61.1,63.4,63.4,75,74.6,89.8,89.9,90.1,90.1,90.2,90.3,88.6,88.7,89.2,89.8
193,85.7,85.7,85.7,85.7,85.7,85.7,85.7,85.7,85.7,85.7,85.7,85.7,85.7,85.7,85.7,85.7,85.7,85.7,85.7,85.7,85.7,85.7,85.7,85.7,85.7,85.7,85.7,85.7,85.7,85.7,85.7,85.7,85.7,85.7,85.7,85.7,85.7,85.7,85.7,85.7,85.7,85.7,85.7,85.7,85.7,85.7,85.7,85.7
194,68.9,69.2,69.6,69.9,70,70.2,70.2,70.1,70.1,70.1,70,69.8,69.6,69.4,68.6,68.1,67.7,67.5,67.5,67.2,67,66.8,66.8,66.9,67,67.1,66.8,66.6,66.5,66.4,66.5,66.5,66.5,66.7,67.2,67.3,67,66.7,66.7,66.8,67,67,67,67.1,67.3,67.3,67.8,68.2
195,120.6,121.1,121.8,122.3,122.6,122.9,122.8,122.8,122.7,122.7,122.6,122.2,121.8,121.4,120.1,119.2,118.6,118.2,118,117.6,117.3,117,116.9,117,117.3,117.4,116.8,116.6,116.3,116.3,116.4,116.4,116.4,116.8,117.6,117.8,117.2,116.7,116.7,116.9,117.2,117.2,117.2,117.4,117.7,117.8,118.6,119.4
196,120.6,121.1,121.8,122.3,122.6,122.9,122.8,122.8,122.7,122.7,122.6,122.2,121.8,121.4,120.1,119.2,118.6,118.2,118,117.6,117.3,117,116.9,117,117.3,117.4,116.8,116.6,116.3,116.3,116.4,116.4,116.4,116.8,117.6,117.8,117.2,116.7,116.7,116.9,117.2,117.2,117.2,117.4,117.7,117.8,118.6,119.4
197,172.2,173,174,174.7,175.1,175.5,175.5,175.4,175.3,175.3,175.1,174.5,174,173.4,120.1,119.2,118.6,118.2,118,117.6,117.3,117,116.9,117,117.3,117.4,116.8,116.6,116.3,116.3,116.4,116.4,116.4,116.8,117.6,117.8,117.2,116.7,116.7,116.9,117.2,117.2,117.2,117.4,117.7,117.8,118.6,119.4
198,200.9,201.8,203,203.8,204.3,204.8,204.8,204.6,204.5,204.5,204.3,203.6,203,202.4,133.4,132.5,131.7,131.3,131.2,130.7,130.3,130,129.9,130,130.3,130.5,129.8,129.6,129.2,129.2,129.3,129.3,129.3,129.7,90.5,90.6,90.2,89.8,89.8,90,90.2,90.1,90.2,90.3,130.8,130.9,131.8,132.6
199,13.9,13.9,13.9,13.9,13.9,13.9,13.9,13.9,13.9,13.9,13.9,13.9,13.9,13.9,13.9,13.9,13.9,13.9,13.9,13.9,13.9,13.9,13.9,13.9,13.9,13.9,13.9,13.9,13.9,13.9,13.9,13.9,13.9,13.9,13.9,13.9,13.9,13.9,13.9,13.9,13.9,13.9,13.9,13.9,13.9,13.9,13.9,13.9
200,95.2,95.2,95.2,95.2,95.2,95.2,95.2,95.8,95.8,95.8,95.8,95.8,95.8,95.8,95.9,95.9,95.3,95.3,95.3,95.3,95.3,95.3,95.3,95.3,95.3,95.3,95.3,95.3,95.3,95.3,95.3,95.3,95.3,95.3,95.2,95.8,95.8,95.8,95.2,95.2,95.2,95.8,95.8,95.2,95.3,95.3,95.9,95.3
201,91.8,91.8,91.8,91.8,91.8,91.8,91.8,91.8,91.8,91.8,91.8,91.8,91.8,91.8,91.8,91.8,91.8,91.8,91.8,91.8,91.8,91.8,91.8,91.8,91.8,91.8,91.8,91.8,91.8,91.8,91.8,91.8,91.8,91.8,91.8,91.8,91.8,91.8,91.8,91.8,91.8,91.8,91.8,91.8,91.8,91.8,91.8,91.8
202,83.3,83.3,83.3,83.3,83.3,83.3,83.3,83.3,83.3,83.3,83.3,83.3,83.3,83.3,83.3,83.3,83.3,83.3,83.3,83.3,83.3,83.3,83.3,83.3,83.3,83.3,83.3,83.3,83.3,83.3,83.3,83.3,83.3,83.3,83.3,83.3,83.3,83.3,83.3,83.3,83.3,83.3,83.3,83.3,83.3,83.3,83.3,83.3
203,17.9,17.9,17.9,17.9,17.9,17.9,17.9,17.9,17.9,17.9,17.9,17.9,17.9,17.9,14.4,14.4,14.4,14.4,14.4,14.4,14.4,14.4,14.4,14.4,14.4,14.4,14.4,14.4,14.4,14.4,14.4,14.4,14.4,14.4,14.4,14.4,14.4,14.4,14.4,14.4,14.4,14.4,14.4,14.4,14.4,14.4,14.4,14.4
