&ADUNIDT,  us, un, yyyy mm dd hr mh,     Pot   ,     PotMin,    On,    Of,
CADUNIDT,1,1, 1985 01 01 00 0 ,640,520,168,168,
CADUNIDT,13,1, 2001 02 01 00 0 ,1350,1080,168,168,
CADUNIDT,211,1, 2014 03 01 00 0 ,172,160,72,48,
CADUNIDT,211,2, 2014 03 01 00 0 ,172,160,72,48,
CADUNIDT,211,3, 2015 01 09 00 0 ,186,160,72,48,
CADUNIDT,7,1, 1954 05 01 00 0 ,18,0,1,1,
CADUNIDT,7,2, 1954 08 01 00 0 ,18,0,4,4,
CADUNIDT,97,1, 2014 05 01 00 0 ,166.1,0,4,4,
CADUNIDT,97,2, 2014 05 01 00 0 ,49.9,0,4,4,
CADUNIDT,12,1, 1999 04 06 00 0 ,167.4,100,48,12,
CADUNIDT,12,2, 1999 08 03 00 0 ,167.4,100,48,12,
CADUNIDT,12,3, 2001 01 31 00 0 ,194.4,100,48,12,
CADUNIDT,153,1, 2008 01 01 00 0 ,25.6,4,11,3, 
CADUNIDT,153,2, 2008 01 01 00 0 ,17.6,2.8,11,3, 
CADUNIDT,153,3, 2008 01 01 00 0 ,1.2,0.2,11,3, 
CADUNIDT,65,2, 2011 01 01 00 0 ,254.8,40,24,6,
CADUNIDT,183,1, 2011 01 01 00 0 ,235.2,90,24,6,
CADUNIDT,183,3, 2011 01 01 00 0 ,235.2,90,24,6,
CADUNIDT,62,1, 2014 05 01 00 0 ,47.3,35,4,4,
CADUNIDT,62,2, 2014 05 01 00 0 ,47.9,35,4,4,
CADUNIDT,62,3, 2014 05 01 00 0 ,48.7,35,4,4,
CADUNIDT,62,4, 2014 05 01 00 0 ,47.4,35,4,4,
CADUNIDT,62,5, 2014 05 01 00 0 ,48.3,35,4,4,
CADUNIDT,62,6, 2014 05 01 00 0 ,49.8,35,4,4,
CADUNIDT,62,7, 2014 05 01 00 0 ,48.9,35,4,4,
CADUNIDT,62,8, 2014 05 01 00 0 ,47.6,35,4,4,
CADUNIDT,110,1, 2012 03 01 00 0 ,96.4,60,72,48,  
CADUNIDT,110,2, 2012 03 01 00 0 ,96.4,60,72,48, 
CADUNIDT,110,3, 2012 03 01 00 0 ,96.9,60,72,48, 
CADUNIDT,110,4, 2012 03 01 00 0 ,96.7,60,72,48, 
CADUNIDT,110,5, 2012 03 01 00 0 ,92.8,60,72,48, 
CADUNIDT,110,6, 2012 03 01 00 0 ,92.9,60,72,48, 
CADUNIDT,155,1, 2009 01 17 00 0 ,70,55,3,3, 
CADUNIDT,155,2, 2009 01 17 00 0 ,70,55,3,3, 
CADUNIDT,63,1, 2002 07 08 00 0 ,151.3,90,72,48, 
CADUNIDT,63,2, 2003 07 24 00 0 ,74.7,45,72,48, 
CADUNIDT,2,1, 1978 03 01 00 0 ,131,32,4,4, 
CADUNIDT,54,1, 2002 08 03 00 0 ,43.9,35,4,6, 
CADUNIDT,54,2, 2002 02 02 00 0 ,43.1,35,4,6, 
CADUNIDT,15,1, 2010 12 23 00 0 ,51,25,192,12, 
CADUNIDT,15,2, 2010 12 23 00 0 ,51,25,192,12, 
CADUNIDT,15,3, 2010 12 23 00 0 ,51,25,192,12, 
CADUNIDT,15,4, 2010 12 23 00 0 ,51,25,192,12, 
CADUNIDT,137,1, 2021 01 01 00 0 ,285.3,0,4,4,
CADUNIDT,137,2, 2021 01 01 00 0 ,285.3,0,4,4,
CADUNIDT,137,3, 2021 01 01 00 0 ,285.3,0,4,4,
CADUNIDT,137,4, 2021 01 01 00 0 ,443.1,0,4,4,
CADUNIDT,229,1, 2020 09 01 00 0 ,50,0,4,4,
CADUNIDT,230,1, 2020 02 01 00 0 ,5,0,4,4,
CADUNIDT,146,1, 2020 01 01 00 0 ,41.4,0,4,4,
CADUNIDT,223,1, 2021 03 01 00 0 ,50,0,4,4,
CADUNIDT,107,1, 2019 07 01 00 0 ,345,0,4,4,
CADUNIDT,149,1, 2018 06 01 00 0 ,8,0,4,4,
CADUNIDT,224,1, 2020 01 01 00 0 ,32.7,0,4,4, 
CADUNIDT,224,2, 2020 01 01 00 0 ,32.7,0,4,4,
CADUNIDT,224,3, 2020 01 01 00 0 ,32.7,0,4,4,
CADUNIDT,224,4, 2020 01 01 00 0 ,17.5,0,4,4,
CADUNIDT,147,1, 2020 04 01 00 0 ,9.3,0,4,4, 
CADUNIDT,147,2, 2020 04 01 00 0 ,9.3,0,4,4,
CADUNIDT,147,3, 2020 04 01 00 0 ,9.3,0,4,4,
CADUNIDT,228,1, 2020 12 01 00 0 ,1.8,0,4,4,
CADUNIDT,228,2, 2020 12 01 00 0 ,1.8,0,4,4,
CADUNIDT,228,3, 2020 12 01 00 0 ,1.8,0,4,4,
CADUNIDT,228,4, 2020 12 01 00 0 ,0.2,0,4,4,
CADUNIDT,182,1, 2012 07 17 00 0 ,88.2,50,3,3,
CADUNIDT,182,2, 2012 07 17 00 0 ,87.3,50,3,3,
CADUNIDT,50,1, 1954 03 01 00 0 ,100,0,4,4,
CADUNIDT,50,2, 1954 03 01 00 0 ,100,0,4,4,
CADUNIDT,9,1, 1977 07 16 00 0 ,13,8,4,6,
CADUNIDT,9,2, 1977 07 16 00 0 ,12,8,4,6,
CADUNIDT,4,3, 1973 01 01 00 0 ,218,0,4,4,
CADUNIDT,4,4, 1973 03 01 00 0 ,218,0,4,4,
CADUNIDT,86,11, 2012 01 01 00 0 ,175,100,4,4,
CADUNIDT,86,21, 2012 01 01 00 0 ,175,100,4,4,
CADUNIDT,194,1, 2009 11 01 00 0 ,73.8,60,12,12,
CADUNIDT,194,2, 2009 11 01 00 0 ,73.8,60,12,12,
CADUNIDT,194,3, 2009 11 01 00 0 ,73.8,60,12,12,
CADUNIDT,194,4, 2009 11 01 00 0 ,118.6,60,12,12,
CADUNIDT,90,1, 2001 12 19 00 0 ,47,35,4,6,
CADUNIDT,90,2, 2001 12 19 00 0 ,46.3,35,4,6,
CADUNIDT,90,3, 2001 12 19 00 0 ,46.3,35,4,6,
CADUNIDT,90,4, 2001 12 19 00 0 ,46.9,35,4,6,
CADUNIDT,90,5, 2001 12 19 00 0 ,46,35,4,6,
CADUNIDT,90,6, 2002 01 03 00 0 ,47.7,35,4,6,
CADUNIDT,90,7, 2001 12 22 00 0 ,46.6,35,4,6,
CADUNIDT,90,8, 2001 12 22 00 0 ,46.7,35,4,6,
CADUNIDT,90,9, 2002 02 28 00 0 ,46.6,35,4,6,
CADUNIDT,90,10, 2002 02 22 00 0 ,44.7,35,4,6,
CADUNIDT,90,11, 2002 03 29 00 0 ,45.9,35,4,6,
CADUNIDT,90,12, 2002 02 15 00 0 ,46.8,35,4,6,
CADUNIDT,90,13, 2002 02 15 00 0 ,45,35,4,6,
CADUNIDT,90,14, 2002 02 15 00 0 ,47.7,35,4,6,
CADUNIDT,90,15, 2002 03 14 00 0 ,46.3,35,4,6,
CADUNIDT,90,16, 2002 02 15 00 0 ,46.4,35,4,6,
CADUNIDT,90,17, 2002 07 16 00 0 ,46.1,35,4,6,
CADUNIDT,90,18, 2002 07 16 00 0 ,45.8,35,4,6,
CADUNIDT,90,19, 2002 07 16 00 0 ,46.2,35,4,6,
CADUNIDT,90,20, 2002 08 07 00 0 ,47.8,35,4,6,
CADUNIDT,47,1, 2014 05 01 00 0 ,106.6,65,72,48,
CADUNIDT,47,2, 2014 05 01 00 0 ,108.3,65,72,48,
CADUNIDT,47,3, 2014 05 01 00 0 ,169.2,80,72,48,
CADUNIDT,47,4, 2014 05 01 00 0 ,107.6,65,72,48,
CADUNIDT,47,5, 2014 05 01 00 0 ,107.3,65,72,48,
CADUNIDT,47,6, 2014 05 01 00 0 ,112.1,80,72,48,
CADUNIDT,47,7, 2014 05 01 00 0 ,106.6,65,72,48,
CADUNIDT,47,8, 2014 05 01 00 0 ,105.6,65,72,48,
CADUNIDT,47,9, 2014 05 01 00 0 ,112.7,80,72,48,
CADUNIDT,68,1, 2004 01 08 00 0 ,58.4,58.1,4,4,
CADUNIDT,68,2, 2004 01 08 00 0 ,58.1,57.8,4,4,
CADUNIDT,68,3, 2004 01 08 00 0 ,57.3,57,4,4,
CADUNIDT,68,4, 2004 01 08 00 0 ,57.9,57.6,4,4,
CADUNIDT,68,5, 2012 03 01 00 0 ,61,60.7,4,4,
CADUNIDT,68,6, 2012 03 01 00 0 ,57.3,57,4,4,
CADUNIDT,19,1, 1980 01 01 00 0 ,5,0,4,4,
CADUNIDT,19,2, 1980 01 01 00 0 ,5,0,4,4,
CADUNIDT,49,1, 2010 01 06 00 0 ,43.6,30,8,5,
CADUNIDT,49,2, 2010 01 06 00 0 ,43.6,30,8,5,
CADUNIDT,49,3, 2010 01 06 00 0 ,43.6,30,8,5,
CADUNIDT,49,4, 2010 01 06 00 0 ,43.6,30,8,5,
CADUNIDT,34,1, 1999 04 01 00 0 ,50.6,4,2,4,
CADUNIDT,34,2, 1999 11 19 00 0 ,49,4,2,4,
CADUNIDT,34,3, 2001 09 01 00 0 ,37,4,2,4,
CADUNIDT,34,4, 2002 05 01 00 0 ,37,4,2,4,
CADUNIDT,34,5, 2002 07 05 00 0 ,32.8,4,2,4,
CADUNIDT,108,1, 2008 01 01 00 0 ,26.1,18,1,1,
CADUNIDT,108,2, 2008 01 01 00 0 ,27.5,18,1,1,
CADUNIDT,48,1, 2006 10 04 00 0 ,156.8,117,24,8,
CADUNIDT,48,2, 2006 10 04 00 0 ,158.6,117,24,8,
CADUNIDT,48,3, 2006 10 04 00 0 ,169.1,117,24,8,
CADUNIDT,156,1, 2011 01 01 00 0 ,350,175,4,4,
CADUNIDT,64,1, 2003 02 12 00 0 ,160.6,116.3,48,4,
CADUNIDT,64,2, 2015 03 14 00 0 ,88,63.7,48,4,
CADUNIDT,169,1, 2009 01 01 00 0 ,4,1,4,4,
CADUNIDT,28,1, 1963 04 30 00 0 ,10,6,3,6,
CADUNIDT,28,3, 1975 01 31 00 0 ,10,6,3,6,
CADUNIDT,26,1, 1965 03 01 00 0 ,50,33,48,24,
CADUNIDT,26,2, 1967 01 01 00 0 ,50,33,48,24,
CADUNIDT,27,3, 1973 04 01 00 0 ,66,33,48,24,
CADUNIDT,27,4, 1974 01 01 00 0 ,66,33,48,24,
CADUNIDT,25,5, 1979 02 01 00 0 ,131,80,48,24,
CADUNIDT,25,6, 1980 04 01 00 0 ,131,80,48,24,
CADUNIDT,24,7, 1997 02 01 00 0 ,363,180,48,24,
CADUNIDT,30,1, 1997 01 01 00 0 ,8,3,1,4,
CADUNIDT,30,2, 1997 01 01 00 0 ,8,3,1,4,
CADUNIDT,30,3, 1997 01 01 00 0 ,8,3,1,4,
CADUNIDT,22,1, 1974 01 01 00 0 ,63,25,1,4,
CADUNIDT,22,2, 1974 03 01 00 0 ,63,25,1,4,
CADUNIDT,23,3, 1986 01 01 00 0 ,160,90,1,4,
CADUNIDT,23,4, 1987 02 01 00 0 ,160,90,1,4,
CADUNIDT,32,1, 1997 01 01 00 0 ,5,0,48,6,
CADUNIDT,32,2, 1997 01 01 00 0 ,5,0,48,6,
CADUNIDT,32,3, 1997 01 01 00 0 ,10,0,48,6,
CADUNIDT,35,1, 2000 12 13 00 0 ,187.7,5,240,1,
CADUNIDT,35,2, 2000 12 13 00 0 ,187.7,5,240,1,
CADUNIDT,35,3, 2000 12 13 00 0 ,264.6,5,240,1,
CADUNIDT,109,1, 2008 01 01 00 0 ,13.1,4,4,4,
CADUNIDT,111,1, 2008 01 01 00 0 ,11.5,4,4,4,
CADUNIDT,112,1, 2010 07 01 00 0 ,10.3,8,4,6,
CADUNIDT,112,2, 2010 07 01 00 0 ,10.2,8,4,6,
CADUNIDT,112,3, 2010 07 01 00 0 ,10.4,8,4,6,
CADUNIDT,113,1, 2008 01 01 00 0 ,11.5,8,4,4,
CADUNIDT,93,1, 2005 10 27 00 0 ,68.9,0,72,3,
CADUNIDT,93,2, 2005 10 27 00 0 ,69.5,0,72,3,
CADUNIDT,93,3, 2005 10 27 00 0 ,69.1,0,72,3,
CADUNIDT,93,4, 2005 10 27 00 0 ,69.9,0,72,3,
CADUNIDT,93,5, 2005 10 27 00 0 ,69.4,0,72,3,
CADUNIDT,166,1, 2010 03 30 00 0 ,40,25,4,6,
CADUNIDT,166,2, 2010 03 30 00 0 ,30,25,4,6,
CADUNIDT,166,3, 2010 04 20 00 0 ,40,25,4,6,
CADUNIDT,166,4, 2010 04 20 00 0 ,40,25,4,6,
CADUNIDT,52,1, 2011 02 08 00 0 ,42.3,31,2,3,
CADUNIDT,52,2, 2011 02 08 00 0 ,42.3,31,2,3,
CADUNIDT,52,3, 2011 02 08 00 0 ,42.3,31,2,3,
CADUNIDT,52,4, 2011 02 08 00 0 ,42.3,31,2,3,
CADUNIDT,117,1, 2008 01 01 00 0 ,13.1,6,4,4,
CADUNIDT,119,1, 2008 01 01 00 0 ,14.8,6,4,4,
CADUNIDT,121,1, 2008 01 01 00 0 ,13.1,6,4,4,
CADUNIDT,125,1, 2008 01 01 00 0 ,14.8,6,4,4,
CADUNIDT,106,1, 2019 01 01 00 0 ,16.8,6,4,4,
CADUNIDT,74,1, 2001 10 01 00 0 ,29.8,20,72,360,
CADUNIDT,74,2, 2002 06 01 00 0 ,29.8,20,72,360,
CADUNIDT,74,3, 2004 12 30 00 0 ,29.6,20,72,360,
CADUNIDT,74,4, 2004 12 09 00 0 ,48.8,20,72,360,
CADUNIDT,42,1, 2003 12 27 00 0 ,107.9,40,96,3,
CADUNIDT,42,2, 2003 12 27 00 0 ,108,40,96,3,
CADUNIDT,42,3, 2003 12 27 00 0 ,110.7,69,96,3,
CADUNIDT,53,1, 2010 05 07 00 0 ,34.7,25,4,6,
CADUNIDT,53,2, 2010 05 07 00 0 ,34.7,25,4,6,
CADUNIDT,53,3, 2010 05 07 00 0 ,34.7,25,4,6,
CADUNIDT,53,4, 2010 05 07 00 0 ,44.6,25,4,6,
CADUNIDT,55,1, 2010 05 27 00 0 ,34.7,30,4,6,
CADUNIDT,55,2, 2010 05 27 00 0 ,34.7,30,4,6,
CADUNIDT,55,3, 2010 05 20 00 0 ,34.7,30,4,6,
CADUNIDT,55,4, 2010 05 20 00 0 ,44.6,30,4,6,
CADUNIDT,127,1, 2008 01 01 00 0 ,14.8,8,4,4,
CADUNIDT,133,1, 2008 01 01 00 0 ,14.8,8,4,4,
CADUNIDT,57,1, 2010 12 30 00 0 ,21,17,1,3,
CADUNIDT,57,2, 2010 12 30 00 0 ,21,17,1,3,
CADUNIDT,57,3, 2010 12 30 00 0 ,21,17,1,3,
CADUNIDT,57,4, 2010 12 30 00 0 ,21,17,1,3,
CADUNIDT,57,5, 2010 12 30 00 0 ,21,17,1,3,
CADUNIDT,57,6, 2010 12 30 00 0 ,21,17,1,3,
CADUNIDT,57,7, 2010 12 30 00 0 ,21,17,1,3,
CADUNIDT,57,8, 2010 12 30 00 0 ,21,17,1,3,
CADUNIDT,135,1, 2008 01 01 00 0 ,13.1,8,4,4,
CADUNIDT,164,1, 2009 09 30 00 0 ,18.4,11,4,6,
CADUNIDT,164,2, 2009 09 30 00 0 ,18.5,11,4,6,
CADUNIDT,164,3, 2009 09 30 00 0 ,18.5,11,4,6,
CADUNIDT,164,4, 2009 09 30 00 0 ,18.5,11,4,6,
CADUNIDT,164,5, 2009 09 30 00 0 ,18.3,11,4,6,
CADUNIDT,164,6, 2009 09 30 00 0 ,18.4,11,4,6,
CADUNIDT,164,7, 2009 09 30 00 0 ,18.2,11,4,6,
CADUNIDT,164,8, 2009 09 30 00 0 ,18.4,11,4,6,
CADUNIDT,138,1, 2008 01 01 00 0 ,13.1,8,4,4,
CADUNIDT,167,1, 2012 12 01 00 0 ,360.1,240,168,48,
CADUNIDT,167,2, 2013 05 10 00 0 ,360.1,240,168,48,
CADUNIDT,163,1, 2013 10 18 00 0 ,365,240,168,48,
CADUNIDT,160,1, 2009 06 18 00 0 ,13.9,1,2,3,
CADUNIDT,160,2, 2009 06 18 00 0 ,12.5,1,2,3,
CADUNIDT,160,3, 2009 06 18 00 0 ,13.9,1,2,3,
CADUNIDT,160,4, 2009 06 18 00 0 ,12.5,1,2,3,
CADUNIDT,160,5, 2009 06 18 00 0 ,13.9,1,2,3,
CADUNIDT,160,6, 2009 06 18 00 0 ,12.5,1,2,3,
CADUNIDT,160,7, 2009 06 18 00 0 ,14.9,1,2,3,
CADUNIDT,98,1, 2013 12 05 00 0 ,52.4,6,1,8,
CADUNIDT,98,2, 2013 12 05 00 0 ,52.4,6,1,8,
CADUNIDT,98,3, 2013 12 31 00 0 ,52.4,6,1,8,
CADUNIDT,98,4, 2013 12 31 00 0 ,43.6,6,1,8,
CADUNIDT,144,1, 2009 01 01 00 0 ,17,15,3,3,
CADUNIDT,144,2, 2009 01 01 00 0 ,17,15,3,3,
CADUNIDT,144,3, 2009 01 01 00 0 ,17,15,3,3,
CADUNIDT,144,4, 2009 01 01 00 0 ,17,15,3,3,
CADUNIDT,144,5, 2009 01 01 00 0 ,17,15,3,3,
CADUNIDT,144,6, 2009 01 01 00 0 ,17,15,3,3,
CADUNIDT,144,7, 2009 01 01 00 0 ,17,15,3,3,
CADUNIDT,144,8, 2009 01 01 00 0 ,17,15,3,3,
CADUNIDT,151,1, 2009 03 03 00 0 ,13.3,5,1,3,
CADUNIDT,151,2, 2009 03 03 00 0 ,13.3,5,1,3,
CADUNIDT,151,3, 2009 03 03 00 0 ,13.3,5,1,3,
CADUNIDT,151,4, 2009 03 03 00 0 ,13.3,5,1,3,
CADUNIDT,161,1, 2009 03 03 00 0 ,11.6,5,1,3,
CADUNIDT,161,2, 2009 03 03 00 0 ,11.6,5,1,3,
CADUNIDT,161,3, 2009 03 03 00 0 ,11.6,5,1,3,
CADUNIDT,161,4, 2009 03 03 00 0 ,10,5,1,3,
CADUNIDT,161,5, 2009 03 03 00 0 ,11.6,5,1,3,
CADUNIDT,161,6, 2009 03 03 00 0 ,10,5,1,3,
CADUNIDT,170,1, 2013 01 24 00 0 ,22.4,20,4,4,
CADUNIDT,170,2, 2013 01 24 00 0 ,22.4,20,4,4,
CADUNIDT,170,3, 2013 01 24 00 0 ,22.4,20,4,4,
CADUNIDT,170,4, 2013 01 24 00 0 ,22.4,20,4,4,
CADUNIDT,170,5, 2013 02 06 00 0 ,22.4,20,4,4,
CADUNIDT,170,6, 2013 01 24 00 0 ,22.4,20,4,4,
CADUNIDT,170,7, 2013 01 24 00 0 ,22.4,20,4,4,
CADUNIDT,170,8, 2013 01 24 00 0 ,22.4,20,4,4,
CADUNIDT,170,9, 2013 01 24 00 0 ,22.4,20,4,4,
CADUNIDT,170,10, 2013 01 24 00 0 ,22.4,20,4,4,
CADUNIDT,170,11, 2013 01 24 00 0 ,22.4,20,4,4,
CADUNIDT,170,12, 2013 01 24 00 0 ,22.4,20,4,4,
CADUNIDT,170,13, 2013 02 02 00 0 ,22.4,20,4,4,
CADUNIDT,170,14, 2013 01 30 00 0 ,22.4,20,4,4,
CADUNIDT,170,15, 2013 01 24 00 0 ,22.4,20,4,4,
CADUNIDT,170,16, 2013 01 24 00 0 ,22.4,20,4,4,
CADUNIDT,170,17, 2013 02 01 00 0 ,22.4,20,4,4,
CADUNIDT,221,1, 2016 01 01 00 0 ,30,18,720,3,
CADUNIDT,43,1, 2004 02 09 00 0 ,185.9,100,72,48,
CADUNIDT,152,1, 2010 01 01 00 0 ,16.6,13,4,12,
CADUNIDT,152,2, 2010 01 01 00 0 ,16.6,13,4,12,
CADUNIDT,152,3, 2010 01 01 00 0 ,16.6,13,4,12,
CADUNIDT,58,1, 2002 07 07 00 0 ,55.8,30,4,6,
CADUNIDT,58,2, 2002 07 07 00 0 ,57.1,30,4,6,
CADUNIDT,58,3, 2003 01 01 00 0 ,56.2,30,4,6,
CADUNIDT,58,4, 2003 01 01 00 0 ,53.9,30,4,6,
CADUNIDT,159,1, 2009 06 18 00 0 ,6.2,3,2,3,   
CADUNIDT,159,2, 2009 06 18 00 0 ,13.9,6.7,2,3, 
CADUNIDT,159,3, 2009 06 18 00 0 ,12.5,6,2,3, 
CADUNIDT,159,4, 2009 06 18 00 0 ,13.9,6.7,2,3, 
CADUNIDT,159,5, 2009 06 18 00 0 ,12.5,6,2,3, 
CADUNIDT,159,6, 2009 06 18 00 0 ,13.9,6.7,2,3, 
CADUNIDT,159,7, 2009 06 18 00 0 ,4.8,2.3,2,3, 
CADUNIDT,159,8, 2009 06 18 00 0 ,12.5,6,2,3, 
CADUNIDT,159,9, 2009 06 18 00 0 ,13.9,6.7,2,3, 
CADUNIDT,159,10, 2009 06 18 00 0 ,12.5,6,2,3, 
CADUNIDT,159,11, 2009 06 18 00 0 ,13.9,6.7,2,3, 
CADUNIDT,159,12, 2009 06 18 00 0 ,12.5,6,2,3, 
CADUNIDT,67,1, 2010 12 24 00 0 ,52.6,41,10,3,
CADUNIDT,67,2, 2010 12 24 00 0 ,61.3,41,10,3,
CADUNIDT,67,3, 2010 12 24 00 0 ,56.9,41,10,3,
CADUNIDT,69,1, 2011 01 19 00 0 ,52.6,41,10,3,
CADUNIDT,69,2, 2011 01 13 00 0 ,61.3,41,10,3,
CADUNIDT,69,3, 2011 01 13 00 0 ,56.9,41,10,3,
CADUNIDT,96,1, 2004 05 15 00 0 ,164.7,97,3,3,
CADUNIDT,96,2, 2004 05 15 00 0 ,160.3,150,3,3,
CADUNIDT,96,3, 2004 05 15 00 0 ,207.8,199,3,3,
CADUNIDT,83,1, 2008 09 10 00 0 ,182.8,155,72,360,
CADUNIDT,83,2, 2008 09 13 00 0 ,185.1,155,72,360,
CADUNIDT,201,1, 2013 07 09 00 0 ,50,5,1,4,
CADUNIDT,201,2, 2013 07 09 00 0 ,50,5,1,4,
CADUNIDT,201,3, 2013 07 09 00 0 ,60.5,5,1,4,
CADUNIDT,201,4, 2013 07 09 00 0 ,60.5,5,1,4,
CADUNIDT,203,1, 2013 07 09 00 0 ,17.1,4,4,12,
CADUNIDT,203,2, 2013 07 09 00 0 ,17.1,4,4,12,
CADUNIDT,203,3, 2013 07 09 00 0 ,17.1,4,4,12,
CADUNIDT,203,4, 2013 07 09 00 0 ,17.1,4,4,12,
CADUNIDT,203,5, 2013 07 09 00 0 ,17.1,4,4,12,
CADUNIDT,318,1, 2013 07 09 00 0 ,20,8,4,4,
CADUNIDT,318,2, 2013 07 09 00 0 ,20,8,4,4,
CADUNIDT,319,1, 2013 07 09 00 0 ,20,8,4,4,
CADUNIDT,319,2, 2013 07 09 00 0 ,20,8,4,4,
CADUNIDT,73,1, 2010 01 09 00 0 ,34.9,8,3,3,
CADUNIDT,73,2, 2010 01 09 00 0 ,43.6,8,3,3,
CADUNIDT,73,3, 2010 01 09 00 0 ,43.6,8,3,3,
CADUNIDT,73,4, 2010 01 09 00 0 ,43.6,8,3,3,
CADUNIDT,70,1, 2010 02 06 00 0 ,34.9,8,3,3,
CADUNIDT,70,2, 2010 02 06 00 0 ,43.6,8,3,3,
CADUNIDT,70,3, 2010 02 06 00 0 ,43.6,8,3,3,
CADUNIDT,70,4, 2010 02 06 00 0 ,43.6,8,3,3,
CADUNIDT,317,1, 2013 07 09 00 0 ,25,10,4,4,
CADUNIDT,204,6, 2013 07 09 00 0 ,39.4,25,4,6,
CADUNIDT,204,7, 2013 07 09 00 0 ,36.1,25,4,6,
CADUNIDT,205,1, 2013 07 09 00 0 ,16.7,10,4,12,
CADUNIDT,205,2, 2013 07 09 00 0 ,16.7,10,4,12,
CADUNIDT,205,3, 2013 07 09 00 0 ,16.7,10,4,12,
CADUNIDT,205,4, 2013 07 09 00 0 ,16.7,10,4,12,
CADUNIDT,205,5, 2013 07 09 00 0 ,16.7,10,4,12,
CADUNIDT,212,1, 2016 07 01 00 0 ,168.8,90,72,9,
CADUNIDT,212,2, 2016 07 01 00 0 ,168.8,90,72,9,
CADUNIDT,212,3, 2016 07 01 00 0 ,181.2,90,72,9,
CADUNIDT,36,1, 2013 02 01 00 0 ,168.8,100,120,48,
CADUNIDT,36,2, 2013 02 20 00 0 ,168.8,100,120,48,
CADUNIDT,21,1, 2013 04 12 00 0 ,168.8,100,120,48,
CADUNIDT,21,2, 2013 04 12 00 0 ,168.8,100,120,48,
CADUNIDT,140,1, 2017 09 19 00 0 ,189.6,0,4,4,
CADUNIDT,140,2, 2019 01 01 00 0 ,189.6,0,4,4,
CADUNIDT,140,3, 2019 01 01 00 0 ,211.7,0,4,4,
CADUNIDT,206,1, 2013 07 09 00 0 ,55,0,4,4,
CADUNIDT,206,2, 2013 07 09 00 0 ,55,0,4,4,
CADUNIDT,141,1, 2013 07 09 00 0 ,15,0,8,8,
CADUNIDT,141,2, 2013 07 09 00 0 ,15,0,8,8,
CADUNIDT,141,3, 2013 07 09 00 0 ,15,0,8,8,
CADUNIDT,141,4, 2013 07 09 00 0 ,15,0,8,8,
CADUNIDT,141,5, 2013 07 09 00 0 ,15,0,8,8,
CADUNIDT,141,6, 2013 07 09 00 0 ,15,0,8,8,
CADUNIDT,141,7, 2013 07 09 00 0 ,15,0,8,8,
CADUNIDT,141,8, 2013 07 09 00 0 ,15,0,8,8,
CADUNIDT,141,9, 2013 07 09 00 0 ,15,0,8,8,
CADUNIDT,141,10, 2013 07 09 00 0 ,15,0,8,8,
CADUNIDT,46,1, 2013 10 23 00 0 ,168.9,104.3,120,48,
CADUNIDT,46,2, 2014 02 18 00 0 ,9.3,5.7,120,48,
CADUNIDT,116,1, 2013 12 13 00 0 ,18.8,17,120,48,
CADUNIDT,116,2, 2013 12 13 00 0 ,18.8,17,120,48,
CADUNIDT,116,3, 2013 12 13 00 0 ,18.8,17,120,48,
CADUNIDT,207,1, 2013 07 09 00 0 ,16.5,8,4,12,
CADUNIDT,207,2, 2013 07 09 00 0 ,16.5,8,4,12,
CADUNIDT,207,3, 2013 07 09 00 0 ,16.5,8,4,12,
CADUNIDT,207,4, 2013 07 09 00 0 ,16.5,8,4,12,
CADUNIDT,176,1, 2013 02 05 00 0 ,360.1,240,168,48,
CADUNIDT,94,1, 2015 09 13 00 0 ,16.7,10,4,4,
CADUNIDT,94,2, 2015 09 13 00 0 ,16.7,10,4,4,
CADUNIDT,94,3, 2015 09 13 00 0 ,16.7,10,4,4,
CADUNIDT,208,1, 2015 09 13 00 0 ,14.5,7,4,4,
CADUNIDT,208,2, 2015 09 13 00 0 ,14.5,7,4,4,
CADUNIDT,208,3, 2015 09 13 00 0 ,14.5,7,4,4,
CADUNIDT,208,4, 2015 09 13 00 0 ,14.5,7,4,4,
CADUNIDT,136,1, 2014 04 04 00 0 ,127.4,90,4,4,
CADUNIDT,136,2, 2014 05 03 00 0 ,127.4,90,4,4,
CADUNIDT,209,5, 2013 07 09 00 0 ,17.6,0,4,6,
CADUNIDT,209,6, 2013 07 09 00 0 ,39.4,25,4,6,
CADUNIDT,209,7, 2013 07 09 00 0 ,36.1,25,4,6,
CADUNIDT,60,1, 2004 03 06 00 0 ,177.7,145,16,4,
CADUNIDT,60,2, 2004 03 06 00 0 ,178.2,145,16,4,
CADUNIDT,60,3, 2004 04 01 00 0 ,179.8,145,16,4,
CADUNIDT,60,4, 2004 12 09 00 0 ,291,145,16,4,
CADUNIDT,302,1, 2013 07 09 00 0 ,18,10,1,4,
CADUNIDT,302,2, 2013 07 09 00 0 ,18,10,1,4,
CADUNIDT,303,1, 2013 07 09 00 0 ,15,6,4,4,
CADUNIDT,300,1, 2013 07 09 00 0 ,20,10,4,4,
CADUNIDT,310,1, 2013 07 09 00 0 ,20,10,4,4,
CADUNIDT,310,2, 2013 07 09 00 0 ,15,8,4,4,
CADUNIDT,310,3, 2013 07 09 00 0 ,15,8,4,4,
