&us,    nome      ,un, di, hi, m, df, hf, m, Gmin,     Gmax,       Custo     ,Custo UP,Custo DN
1, ANGRA 1      ,1,28,0,0, F ,   ,  ,520,640,31.17,3.12,2.08
13, ANGRA 2      ,1,28,0,0, F ,   ,  ,1080,1350,20.12,2.01,1.34
211, BAIXADA FL   ,1,28,0,0, F ,   ,  ,160,172,128.12,12.81,8.54
211, BAIXADA FL   ,2,28,0,0, F ,   ,  ,160,172,128.12,12.81,8.54
211, BAIXADA FL   ,3,28,0,0, F ,   ,  ,160,186,128.12,12.81,8.54
7, CARIOBA      ,1,28,0,0, F ,   ,  ,5,18,937,93.7,62.47
7, CARIOBA      ,2,28,0,0, F ,   ,  ,5,18,937,93.7,62.47
97, EROCHA_L1    ,1,28,0,0, F ,   ,  ,90,166,319.18,31.918,31.918
97, EROCHA_L1    ,2,28,0,0, F ,   ,  ,40,50,319.18,31.918,31.918
12, CUIABA CC    ,1,28,0,0, F ,   ,  ,100,167,511.77,51.18,34.12
12, CUIABA CC    ,2,28,0,0, F ,   ,  ,100,167,511.77,51.18,34.12
12, CUIABA CC    ,3,28,0,0, F ,   ,  ,100,194,511.77,51.18,34.12
153, DAIA         ,1,28,0,0, F ,   ,  ,4,26,883.84,88.38,58.92
153, DAIA         ,2,28,0,0, F ,   ,  ,3,18,883.84,88.38,58.92
153, DAIA         ,3,28,0,0, F ,   ,  ,3,18,883.84,88.38,58.92
65, ATLAN_CSA    ,2,28,0,0, F ,   ,  ,40,255,0,1000,1000
183, ATLANTICO    ,1,28,0,0, F ,   ,  ,90,235,179.56,17.96,11.97
183, ATLANTICO    ,3,28,0,0, F ,   ,  ,90,235,179.56,17.96,11.97
62, BLSOBR_L1    ,1,28,0,0, F ,   ,  ,35,47,353.24,35.32,35.32
62, BLSOBR_L1    ,2,28,0,0, F ,   ,  ,35,48,353.24,35.32,35.32
62, BLSOBR_L1    ,3,28,0,0, F ,   ,  ,35,49,353.24,35.32,35.32
62, BLSOBR_L1    ,4,28,0,0, F ,   ,  ,35,47,353.24,35.32,35.32
62, BLSOBR_L1    ,5,28,0,0, F ,   ,  ,35,48,353.24,35.32,35.32
62, BLSOBR_L1    ,6,28,0,0, F ,   ,  ,35,50,353.24,35.32,35.32
62, BLSOBR_L1    ,7,28,0,0, F ,   ,  ,35,49,353.24,35.32,35.32
62, BLSOBR_L1    ,8,28,0,0, F ,   ,  ,35,48,353.24,35.32,35.32
110, FGASPARIAN   ,1,28,0,0, F ,   ,  ,60,96,548.04,54.8,36.54
110, FGASPARIAN   ,2,28,0,0, F ,   ,  ,60,96,548.04,54.8,36.54
110, FGASPARIAN   ,3,28,0,0, F ,   ,  ,60,97,548.04,54.8,36.54
110, FGASPARIAN   ,4,28,0,0, F ,   ,  ,60,97,548.04,54.8,36.54
110, FGASPARIAN   ,5,28,0,0, F ,   ,  ,60,93,548.04,54.8,36.54
110, FGASPARIAN   ,6,28,0,0, F ,   ,  ,60,93,548.04,54.8,36.54
155, GOIANIA 2    ,1,28,0,0, F ,   ,  ,55,70,921.14,92.11,61.41
155, GOIANIA 2    ,2,28,0,0, F ,   ,  ,55,70,921.14,92.11,61.41
63, AUR.CHAVES   ,1,28,0,0, F ,   ,  ,90,151,346.37,34.64,23.09
63, AUR.CHAVES   ,2,28,0,0, F ,   ,  ,45,75,346.37,34.64,23.09
2, IGARAPE      ,1,28,0,0, F ,   ,  ,32,131,689.98,69,46
54, JUIZ DE FO   ,1,28,0,0, F ,   ,  ,35,44,283.74,28.37,18.92
54, JUIZ DE FO   ,2,28,0,0, F ,   ,  ,35,43,283.74,28.37,18.92
15, LUIZORMELO   ,1,28,0,0, F ,   ,  ,25,51,217.77,21.78,14.52
15, LUIZORMELO   ,2,28,0,0, F ,   ,  ,25,51,217.77,21.78,14.52
15, LUIZORMELO   ,3,28,0,0, F ,   ,  ,25,51,217.77,21.78,14.52
15, LUIZORMELO   ,4,28,0,0, F ,   ,  ,25,51,217.77,21.78,14.52
182, PALMEIR_GO   ,1,28,0,0, F ,   ,  ,50,88,662.7,66.27,44.18
182, PALMEIR_GO   ,2,28,0,0, F ,   ,  ,50,87,662.7,66.27,44.18
50, PIRAT.12 O   ,1,28,0,0, F ,   ,  ,80,100,470.34,47.03,31.36
50, PIRAT.12 O   ,2,28,0,0, F ,   ,  ,80,100,470.34,47.03,31.36
9, CAMPOS       ,1,28,0,0, F ,   ,  ,8,13,773.24,77.32,51.55
9, CAMPOS       ,2,28,0,0, F ,   ,  ,8,12,773.24,77.32,51.55
4, ST.CRUZ 34   ,3,28,0,0, F ,   ,  ,1,218,310.41,31.04,20.69
4, ST.CRUZ 34   ,4,28,0,0, F ,   ,  ,1,218,310.41,31.04,20.69
86, SANTA CRUZ   ,11,28,0,0, F ,   ,  ,100,175,144.77,14.48,9.65
86, SANTA CRUZ   ,21,28,0,0, F ,   ,  ,100,175,144.77,14.48,9.65
194, TNORTE 2     ,1,28,0,0, F ,   ,  ,60,74,910.86,91.09,60.72
194, TNORTE 2     ,2,28,0,0, F ,   ,  ,60,74,910.86,91.09,60.72
194, TNORTE 2     ,3,28,0,0, F ,   ,  ,60,74,910.86,91.09,60.72
194, TNORTE 2     ,4,28,0,0, F ,   ,  ,60,119,910.86,91.09,60.72
90, M.LAGO       ,1,28,0,0, F ,   ,  ,35,47,513.22,51.32,34.21
90, M.LAGO       ,2,28,0,0, F ,   ,  ,35,46,513.22,51.32,34.21
90, M.LAGO       ,3,28,0,0, F ,   ,  ,35,46,513.22,51.32,34.21
90, M.LAGO       ,4,28,0,0, F ,   ,  ,35,47,513.22,51.32,34.21
90, M.LAGO       ,5,28,0,0, F ,   ,  ,35,46,513.22,51.32,34.21
90, M.LAGO       ,6,28,0,0, F ,   ,  ,35,48,513.22,51.32,34.21
90, M.LAGO       ,7,28,0,0, F ,   ,  ,35,47,513.22,51.32,34.21
90, M.LAGO       ,8,28,0,0, F ,   ,  ,35,47,513.22,51.32,34.21
90, M.LAGO       ,9,28,0,0, F ,   ,  ,35,47,513.22,51.32,34.21
90, M.LAGO       ,10,28,0,0, F ,   ,  ,35,45,513.22,51.32,34.21
90, M.LAGO       ,11,28,0,0, F ,   ,  ,35,46,513.22,51.32,34.21
90, M.LAGO       ,12,28,0,0, F ,   ,  ,35,47,513.22,51.32,34.21
90, M.LAGO       ,13,28,0,0, F ,   ,  ,35,45,513.22,51.32,34.21
90, M.LAGO       ,14,28,0,0, F ,   ,  ,35,48,513.22,51.32,34.21
90, M.LAGO       ,15,28,0,0, F ,   ,  ,35,46,513.22,51.32,34.21
90, M.LAGO       ,16,28,0,0, F ,   ,  ,35,46,513.22,51.32,34.21
90, M.LAGO       ,17,28,0,0, F ,   ,  ,35,46,513.22,51.32,34.21
90, M.LAGO       ,18,28,0,0, F ,   ,  ,35,46,513.22,51.32,34.21
90, M.LAGO       ,19,28,0,0, F ,   ,  ,35,46,513.22,51.32,34.21
90, M.LAGO       ,20,28,0,0, F ,   ,  ,35,48,513.22,51.32,34.21
47, GLBRIZ_L1    ,1,28,0,0, F ,   ,  ,65,107,255.71,25.57,25.57
47, GLBRIZ_L1    ,2,28,0,0, F ,   ,  ,65,108,255.71,25.57,25.57
47, GLBRIZ_L1    ,3,28,0,0, F ,   ,  ,80,169,255.71,25.57,25.57
47, GLBRIZ_L1    ,4,28,0,0, F ,   ,  ,65,108,255.71,25.57,25.57
47, GLBRIZ_L1    ,5,28,0,0, F ,   ,  ,65,107,255.71,25.57,25.57
47, GLBRIZ_L1    ,6,28,0,0, F ,   ,  ,80,112,255.71,25.57,25.57
47, GLBRIZ_L1    ,7,28,0,0, F ,   ,  ,65,107,255.71,25.57,25.57
47, GLBRIZ_L1    ,8,28,0,0, F ,   ,  ,65,106,255.71,25.57,25.57
47, GLBRIZ_L1    ,9,28,0,0, F ,   ,  ,80,113,255.71,25.57,25.57
68, LCPRES_L1    ,1,28,0,0, F ,   ,  ,58,58,255.71,25.57,25.57
68, LCPRES_L1    ,2,28,0,0, F ,   ,  ,58,58,255.71,25.57,25.57
68, LCPRES_L1    ,3,28,0,0, F ,   ,  ,57,57,255.71,25.57,25.57
68, LCPRES_L1    ,4,28,0,0, F ,   ,  ,58,58,255.71,25.57,25.57
68, LCPRES_L1    ,5,28,0,0, F ,   ,  ,61,61,255.71,25.57,25.57
68, LCPRES_L1    ,6,28,0,0, F ,   ,  ,57,57,255.71,25.57,25.57
49, VIANA        ,1,28,0,0, F ,   ,  ,30,44,668.69,66.87,44.58
49, VIANA        ,2,28,0,0, F ,   ,  ,30,44,668.69,66.87,44.58
49, VIANA        ,3,28,0,0, F ,   ,  ,30,44,668.69,66.87,44.58
49, VIANA        ,4,28,0,0, F ,   ,  ,30,44,668.69,66.87,44.58
108, XAVANTES     ,1,28,0,0, F ,   ,  ,18,26,1269.04,126.9,84.6
108, XAVANTES     ,2,28,0,0, F ,   ,  ,18,28,1269.04,126.9,84.6
48, ARAUCARIA    ,1,28,0,0, F ,   ,  ,117,157,710.65,71.07,47.38
48, ARAUCARIA    ,2,28,0,0, F ,   ,  ,117,159,710.65,71.07,47.38
48, ARAUCARIA    ,3,28,0,0, F ,   ,  ,117,169,710.65,71.07,47.38
156, CANDIOTA_3   ,1,28,0,0, F ,   ,  ,175,350,80.59,8.06,5.37
64, S.TIARAJU    ,1,28,0,0, F ,   ,  ,116,161,698.14,69.81,46.54
64, S.TIARAJU    ,2,28,0,0, F ,   ,  ,64,88,698.14,69.81,46.54
169, MADEIRA      ,1,28,0,0, F ,   ,  ,1,4,287.31,28.73,19.15
28, FIGUEIRA     ,1,28,0,0, F ,   ,  ,6,10,486.49,48.65,32.43
28, FIGUEIRA     ,3,28,0,0, F ,   ,  ,6,10,486.49,48.65,32.43
26, J.LAC. A1    ,1,28,0,0, F ,   ,  ,33,50,238.56,23.86,15.9
26, J.LAC. A1    ,2,28,0,0, F ,   ,  ,33,50,238.56,23.86,15.9
27, J.LAC. A2    ,3,28,0,0, F ,   ,  ,33,66,217.89,21.79,14.53
27, J.LAC. A2    ,4,28,0,0, F ,   ,  ,33,66,217.89,21.79,14.53
25, J.LACER. B   ,5,28,0,0, F ,   ,  ,80,131,209.48,20.95,13.97
25, J.LACER. B   ,6,28,0,0, F ,   ,  ,80,131,209.48,20.95,13.97
24, J.LACER. C   ,7,28,0,0, F ,   ,  ,180,363,178.91,17.89,11.93
30, NUTEPA       ,1,28,0,0, F ,   ,  ,3,8,780,78,52
30, NUTEPA       ,2,28,0,0, F ,   ,  ,3,8,780,78,52
30, NUTEPA       ,3,28,0,0, F ,   ,  ,3,8,780,78,52
22, P.MEDICI A   ,1,28,0,0, F ,   ,  ,25,63,115.9,11.59,7.73
22, P.MEDICI A   ,2,28,0,0, F ,   ,  ,25,63,115.9,11.59,7.73
23, P.MEDICI B   ,3,28,0,0, F ,   ,  ,90,160,115.9,11.59,7.73
23, P.MEDICI B   ,4,28,0,0, F ,   ,  ,90,160,115.9,11.59,7.73
32, S.JERONIMO   ,1,28,0,0, F ,   ,  ,2,5,248.31,24.83,16.55
32, S.JERONIMO   ,2,28,0,0, F ,   ,  ,2,5,248.31,24.83,16.55
32, S.JERONIMO   ,3,28,0,0, F ,   ,  ,5,10,248.31,24.83,16.55
35, URUGUAIANA   ,1,28,0,0, F ,   ,  ,5,188,486.2,48.62,32.41
35, URUGUAIANA   ,2,28,0,0, F ,   ,  ,5,188,486.2,48.62,32.41
35, URUGUAIANA   ,3,28,0,0, F ,   ,  ,5,265,486.2,48.62,32.41
109, ALTOS        ,1,28,0,0, F ,   ,  ,4,13,763.59,76.36,50.91
111, ARACATI      ,1,28,0,0, F ,   ,  ,4,12,763.59,76.36,50.91
112, BAHIA_1      ,1,28,0,0, F ,   ,  ,8,10,612.88,61.29,40.86
112, BAHIA_1      ,2,28,0,0, F ,   ,  ,8,10,612.88,61.29,40.86
112, BAHIA_1      ,3,28,0,0, F ,   ,  ,8,10,612.88,61.29,40.86
113, BATURITE     ,1,28,0,0, F ,   ,  ,8,12,763.59,76.36,50.91
93, CAMACARI     ,1,28,0,0, F ,   ,  ,0,69,943.88,94.39,62.93
93, CAMACARI     ,2,28,0,0, F ,   ,  ,0,70,943.88,94.39,62.93
93, CAMACARI     ,3,28,0,0, F ,   ,  ,0,69,943.88,94.39,62.93
93, CAMACARI     ,4,28,0,0, F ,   ,  ,0,70,943.88,94.39,62.93
93, CAMACARI     ,5,28,0,0, F ,   ,  ,0,69,943.88,94.39,62.93
166, AREMBEPE     ,1,28,0,0, F ,   ,  ,25,40,677.93,67.79,45.2
166, AREMBEPE     ,2,28,0,0, F ,   ,  ,25,30,677.93,67.79,45.2
166, AREMBEPE     ,3,28,0,0, F ,   ,  ,25,40,677.93,67.79,45.2
166, AREMBEPE     ,4,28,0,0, F ,   ,  ,25,40,677.93,67.79,45.2
52, CAMPINA_GR   ,1,28,0,0, F ,   ,  ,31,42,668.7,66.87,44.58
52, CAMPINA_GR   ,2,28,0,0, F ,   ,  ,31,42,668.7,66.87,44.58
52, CAMPINA_GR   ,3,28,0,0, F ,   ,  ,31,42,668.7,66.87,44.58
52, CAMPINA_GR   ,4,28,0,0, F ,   ,  ,31,42,668.7,66.87,44.58
117, C.MAIOR      ,1,28,0,0, F ,   ,  ,6,13,763.59,76.36,50.91
119, CAUCAIA      ,1,28,0,0, F ,   ,  ,6,15,763.59,76.36,50.91
121, CRATO        ,1,28,0,0, F ,   ,  ,6,13,763.59,76.36,50.91
125, PECEM        ,1,28,0,0, F ,   ,  ,6,15,763.59,76.36,50.91
74, R.ALMEIDA    ,1,28,0,0, F ,   ,  ,20,30,345.02,34.5,23
74, R.ALMEIDA    ,2,28,0,0, F ,   ,  ,20,30,345.02,34.5,23
74, R.ALMEIDA    ,3,28,0,0, F ,   ,  ,20,30,345.02,34.5,23
74, R.ALMEIDA    ,4,28,0,0, F ,   ,  ,20,49,345.02,34.5,23
42, FORTALEZA    ,1,28,0,0, F ,   ,  ,40,108,139.88,13.99,9.33
42, FORTALEZA    ,2,28,0,0, F ,   ,  ,40,108,139.88,13.99,9.33
42, FORTALEZA    ,3,28,0,0, F ,   ,  ,69,111,139.88,13.99,9.33
53, GLOBAL I     ,1,28,0,0, F ,   ,  ,25,35,758.33,75.83,50.56
53, GLOBAL I     ,2,28,0,0, F ,   ,  ,25,35,758.33,75.83,50.56
53, GLOBAL I     ,3,28,0,0, F ,   ,  ,25,35,758.33,75.83,50.56
53, GLOBAL I     ,4,28,0,0, F ,   ,  ,25,45,758.33,75.83,50.56
55, GLOBAL II    ,1,28,0,0, F ,   ,  ,30,35,758.33,75.83,50.56
55, GLOBAL II    ,2,28,0,0, F ,   ,  ,30,35,758.33,75.83,50.56
55, GLOBAL II    ,3,28,0,0, F ,   ,  ,30,35,758.33,75.83,50.56
55, GLOBAL II    ,4,28,0,0, F ,   ,  ,30,45,758.33,75.83,50.56
127, IGUATU       ,1,28,0,0, F ,   ,  ,8,15,763.59,76.36,50.91
133, JUAZEIRO N   ,1,28,0,0, F ,   ,  ,8,15,763.59,76.36,50.91
57, MARACANAU    ,1,28,0,0, F ,   ,  ,17,21,647.73,64.77,43.18
57, MARACANAU    ,2,28,0,0, F ,   ,  ,17,21,647.73,64.77,43.18
57, MARACANAU    ,3,28,0,0, F ,   ,  ,17,21,647.73,64.77,43.18
57, MARACANAU    ,4,28,0,0, F ,   ,  ,17,21,647.73,64.77,43.18
57, MARACANAU    ,5,28,0,0, F ,   ,  ,17,21,647.73,64.77,43.18
57, MARACANAU    ,6,28,0,0, F ,   ,  ,17,21,647.73,64.77,43.18
57, MARACANAU    ,7,28,0,0, F ,   ,  ,17,21,647.73,64.77,43.18
57, MARACANAU    ,8,28,0,0, F ,   ,  ,17,21,647.73,64.77,43.18
135, MARAMBAIA    ,1,28,0,0, F ,   ,  ,8,13,763.59,76.36,50.91
164, MURICY       ,1,28,0,0, F ,   ,  ,11,18,677.93,67.79,45.2
164, MURICY       ,2,28,0,0, F ,   ,  ,11,19,677.93,67.79,45.2
164, MURICY       ,3,28,0,0, F ,   ,  ,11,19,677.93,67.79,45.2
164, MURICY       ,4,28,0,0, F ,   ,  ,11,19,677.93,67.79,45.2
164, MURICY       ,5,28,0,0, F ,   ,  ,11,18,677.93,67.79,45.2
164, MURICY       ,6,28,0,0, F ,   ,  ,11,18,677.93,67.79,45.2
164, MURICY       ,7,28,0,0, F ,   ,  ,11,18,677.93,67.79,45.2
164, MURICY       ,8,28,0,0, F ,   ,  ,11,18,677.93,67.79,45.2
138, NAZARIA      ,1,28,0,0, F ,   ,  ,8,13,763.59,76.36,50.91
167, P.PECEM1     ,1,28,0,0, F ,   ,  ,240,360,211.41,21.14,14.09
167, P.PECEM1     ,2,28,0,0, F ,   ,  ,240,360,211.41,21.14,14.09
163, P.PECEM2     ,1,28,0,0, F ,   ,  ,240,365,218.15,21.82,14.54
160, PAU FERRO    ,1,28,0,0, F ,   ,  ,1,14,965.77,96.58,64.38
160, PAU FERRO    ,2,28,0,0, F ,   ,  ,1,13,965.77,96.58,64.38
160, PAU FERRO    ,3,28,0,0, F ,   ,  ,1,14,965.77,96.58,64.38
160, PAU FERRO    ,4,28,0,0, F ,   ,  ,1,13,965.77,96.58,64.38
160, PAU FERRO    ,5,28,0,0, F ,   ,  ,1,14,965.77,96.58,64.38
160, PAU FERRO    ,6,28,0,0, F ,   ,  ,1,13,965.77,96.58,64.38
160, PAU FERRO    ,7,28,0,0, F ,   ,  ,1,15,965.77,96.58,64.38
98, PERNAMBU_3   ,1,28,0,0, F ,   ,  ,6,52,572.16,57.22,38.14
98, PERNAMBU_3   ,2,28,0,0, F ,   ,  ,6,52,572.16,57.22,38.14
98, PERNAMBU_3   ,3,28,0,0, F ,   ,  ,6,52,572.16,57.22,38.14
98, PERNAMBU_3   ,4,28,0,0, F ,   ,  ,6,44,572.16,57.22,38.14
144, PETROLINA    ,1,28,0,0, F ,   ,  ,15,17,743.79,74.38,49.59
144, PETROLINA    ,2,28,0,0, F ,   ,  ,15,17,743.79,74.38,49.59
144, PETROLINA    ,3,28,0,0, F ,   ,  ,15,17,743.79,74.38,49.59
144, PETROLINA    ,4,28,0,0, F ,   ,  ,15,17,743.79,74.38,49.59
144, PETROLINA    ,5,28,0,0, F ,   ,  ,15,17,743.79,74.38,49.59
144, PETROLINA    ,6,28,0,0, F ,   ,  ,15,17,743.79,74.38,49.59
144, PETROLINA    ,7,28,0,0, F ,   ,  ,15,17,743.79,74.38,49.59
144, PETROLINA    ,8,28,0,0, F ,   ,  ,15,17,743.79,74.38,49.59
151, POTIGUAR     ,1,28,0,0, F ,   ,  ,5,13,847,84.7,56.47
151, POTIGUAR     ,2,28,0,0, F ,   ,  ,5,13,847,84.7,56.47
151, POTIGUAR     ,3,28,0,0, F ,   ,  ,5,13,847,84.7,56.47
151, POTIGUAR     ,4,28,0,0, F ,   ,  ,5,13,847,84.7,56.47
161, POTIGUAR_3   ,1,28,0,0, F ,   ,  ,5,12,846.99,84.7,56.47
161, POTIGUAR_3   ,2,28,0,0, F ,   ,  ,5,12,846.99,84.7,56.47
161, POTIGUAR_3   ,3,28,0,0, F ,   ,  ,5,12,846.99,84.7,56.47
161, POTIGUAR_3   ,4,28,0,0, F ,   ,  ,5,10,846.99,84.7,56.47
161, POTIGUAR_3   ,5,28,0,0, F ,   ,  ,5,12,846.99,84.7,56.47
161, POTIGUAR_3   ,6,28,0,0, F ,   ,  ,5,10,846.99,84.7,56.47
170, SUAPE II     ,1,28,0,0, F ,   ,  ,20,22,677.21,67.72,45.15
170, SUAPE II     ,2,28,0,0, F ,   ,  ,20,22,677.21,67.72,45.15
170, SUAPE II     ,3,28,0,0, F ,   ,  ,20,22,677.21,67.72,45.15
170, SUAPE II     ,4,28,0,0, F ,   ,  ,20,22,677.21,67.72,45.15
170, SUAPE II     ,5,28,0,0, F ,   ,  ,20,22,677.21,67.72,45.15
170, SUAPE II     ,6,28,0,0, F ,   ,  ,20,22,677.21,67.72,45.15
170, SUAPE II     ,7,28,0,0, F ,   ,  ,20,22,677.21,67.72,45.15
170, SUAPE II     ,8,28,0,0, F ,   ,  ,20,22,677.21,67.72,45.15
170, SUAPE II     ,9,28,0,0, F ,   ,  ,20,22,677.21,67.72,45.15
170, SUAPE II     ,10,28,0,0, F ,   ,  ,20,22,677.21,67.72,45.15
170, SUAPE II     ,11,28,0,0, F ,   ,  ,20,22,677.21,67.72,45.15
170, SUAPE II     ,12,28,0,0, F ,   ,  ,20,22,677.21,67.72,45.15
170, SUAPE II     ,13,28,0,0, F ,   ,  ,20,22,677.21,67.72,45.15
170, SUAPE II     ,14,28,0,0, F ,   ,  ,20,22,677.21,67.72,45.15
170, SUAPE II     ,15,28,0,0, F ,   ,  ,20,22,677.21,67.72,45.15
170, SUAPE II     ,16,28,0,0, F ,   ,  ,20,22,677.21,67.72,45.15
170, SUAPE II     ,17,28,0,0, F ,   ,  ,20,22,677.21,67.72,45.15
221, SYKUE I      ,1,28,0,0, F ,   ,  ,18,30,510.12,51.01,34.01
43, C.FURTADO    ,1,28,0,0, F ,   ,  ,100,186,374.87,37.49,24.99
152, TERMOCABO    ,1,28,0,0, F ,   ,  ,13,17,660.61,66.06,44.04
152, TERMOCABO    ,2,28,0,0, F ,   ,  ,13,17,660.61,66.06,44.04
152, TERMOCABO    ,3,28,0,0, F ,   ,  ,13,17,660.61,66.06,44.04
58, TERMOCEARA   ,1,28,0,0, F ,   ,  ,30,56,321.77,32.18,21.45
58, TERMOCEARA   ,2,28,0,0, F ,   ,  ,30,57,321.77,32.18,21.45
58, TERMOCEARA   ,3,28,0,0, F ,   ,  ,30,56,321.77,32.18,21.45
58, TERMOCEARA   ,4,28,0,0, F ,   ,  ,30,54,321.77,32.18,21.45
159, TERMOMANAU   ,1,28,0,0, F ,   ,  ,3,6,965.77,96.58,64.38
159, TERMOMANAU   ,2,28,0,0, F ,   ,  ,7,14,965.77,96.58,64.38
159, TERMOMANAU   ,3,28,0,0, F ,   ,  ,6,13,965.77,96.58,64.38
159, TERMOMANAU   ,4,28,0,0, F ,   ,  ,7,14,965.77,96.58,64.38
159, TERMOMANAU   ,5,28,0,0, F ,   ,  ,6,13,965.77,96.58,64.38
159, TERMOMANAU   ,6,28,0,0, F ,   ,  ,7,14,965.77,96.58,64.38
159, TERMOMANAU   ,7,28,0,0, F ,   ,  ,2,5,965.77,96.58,64.38
159, TERMOMANAU   ,8,28,0,0, F ,   ,  ,6,13,965.77,96.58,64.38
159, TERMOMANAU   ,9,28,0,0, F ,   ,  ,7,14,965.77,96.58,64.38
159, TERMOMANAU   ,10,28,0,0, F ,   ,  ,6,13,965.77,96.58,64.38
159, TERMOMANAU   ,11,28,0,0, F ,   ,  ,7,14,965.77,96.58,64.38
159, TERMOMANAU   ,12,28,0,0, F ,   ,  ,6,13,965.77,96.58,64.38
67, TERMONE      ,1,28,0,0, F ,   ,  ,41,53,664.91,66.49,44.33
67, TERMONE      ,2,28,0,0, F ,   ,  ,41,61,664.91,66.49,44.33
67, TERMONE      ,3,28,0,0, F ,   ,  ,41,57,664.91,66.49,44.33
69, TERMOPB      ,1,28,0,0, F ,   ,  ,41,53,664.91,66.49,44.33
69, TERMOPB      ,2,28,0,0, F ,   ,  ,41,61,664.91,66.49,44.33
69, TERMOPB      ,3,28,0,0, F ,   ,  ,41,57,664.91,66.49,44.33
96, TERMOPE      ,1,28,0,0, F ,   ,  ,97,165,123.12,12.31,8.21
96, TERMOPE      ,2,28,0,0, F ,   ,  ,150,160,123.12,12.31,8.21
96, TERMOPE      ,3,28,0,0, F ,   ,  ,199,208,123.12,12.31,8.21
83, JS_PEREIRA   ,1,28,0,0, F ,   ,  ,155,183,450.86,45.09,30.06
83, JS_PEREIRA   ,2,28,0,0, F ,   ,  ,155,185,450.86,45.09,30.06
201, APARECIDA    ,1,28,0,0, F ,   ,  ,5,50,302.19,30.22,20.15
201, APARECIDA    ,2,28,0,0, F ,   ,  ,5,50,302.19,30.22,20.15
201, APARECIDA    ,3,28,0,0, F ,   ,  ,5,61,302.19,30.22,20.15
201, APARECIDA    ,4,28,0,0, F ,   ,  ,5,61,302.19,30.22,20.15
203, C. ROCHA     ,1,28,0,0, F ,   ,  ,4,17,0,1000,1000
203, C. ROCHA     ,2,28,0,0, F ,   ,  ,4,17,0,1000,1000
203, C. ROCHA     ,3,28,0,0, F ,   ,  ,4,17,0,1000,1000
203, C. ROCHA     ,4,28,0,0, F ,   ,  ,4,17,0,1000,1000
203, C. ROCHA     ,5,28,0,0, F ,   ,  ,4,17,0,1000,1000
318, FLORES LT1   ,1,28,0,0, F ,   ,  ,8,20,868.35,86.84,57.89
318, FLORES LT1   ,2,28,0,0, F ,   ,  ,8,20,868.35,86.84,57.89
319, FLORES LT2   ,1,28,0,0, F ,   ,  ,8,20,883.17,88.32,58.88
319, FLORES LT2   ,2,28,0,0, F ,   ,  ,8,20,883.17,88.32,58.88
73, GERAMAR1     ,1,28,0,0, F ,   ,  ,8,35,668.68,66.87,44.58
73, GERAMAR1     ,2,28,0,0, F ,   ,  ,8,44,668.68,66.87,44.58
73, GERAMAR1     ,3,28,0,0, F ,   ,  ,8,44,668.68,66.87,44.58
73, GERAMAR1     ,4,28,0,0, F ,   ,  ,8,44,668.68,66.87,44.58
70, GERAMAR2     ,1,28,0,0, F ,   ,  ,8,35,668.68,66.87,44.58
70, GERAMAR2     ,2,28,0,0, F ,   ,  ,8,44,668.68,66.87,44.58
70, GERAMAR2     ,3,28,0,0, F ,   ,  ,8,44,668.68,66.87,44.58
70, GERAMAR2     ,4,28,0,0, F ,   ,  ,8,44,668.68,66.87,44.58
317, IRANDUBA     ,1,28,0,0, F ,   ,  ,10,25,856.49,85.65,57.1
204, JARAQUI      ,6,28,0,0, F ,   ,  ,25,39,0,1000,1000
204, JARAQUI      ,7,28,0,0, F ,   ,  ,25,36,0,1000,1000
205, MANAUARA     ,1,28,0,0, F ,   ,  ,10,17,0,1000,1000
205, MANAUARA     ,2,28,0,0, F ,   ,  ,10,17,0,1000,1000
205, MANAUARA     ,3,28,0,0, F ,   ,  ,10,17,0,1000,1000
205, MANAUARA     ,4,28,0,0, F ,   ,  ,10,17,0,1000,1000
205, MANAUARA     ,5,28,0,0, F ,   ,  ,10,17,0,1000,1000
212, MARANHAO3    ,1,28,0,0, F ,   ,  ,90,169,76.94,7.69,5.13
212, MARANHAO3    ,2,28,0,0, F ,   ,  ,90,169,76.94,7.69,5.13
212, MARANHAO3    ,3,28,0,0, F ,   ,  ,90,181,76.94,7.69,5.13
36, MARANHAOIV   ,1,28,0,0, F ,   ,  ,100,169,134.38,13.44,8.96
36, MARANHAOIV   ,2,28,0,0, F ,   ,  ,100,169,134.38,13.44,8.96
21, MARANHAO V   ,1,28,0,0, F ,   ,  ,100,169,134.38,13.44,8.96
21, MARANHAO V   ,2,28,0,0, F ,   ,  ,100,169,134.38,13.44,8.96
140, UTE MAUA 3   ,1,28,0,0, F ,   ,  ,100,190,98.25,9.83,6.55
140, UTE MAUA 3   ,2,28,0,0, F ,   ,  ,100,190,98.25,9.83,6.55
140, UTE MAUA 3   ,3,28,0,0, F ,   ,  ,150,212,98.25,9.83,6.55
206, MAUA B3      ,1,28,0,0, F ,   ,  ,20,55,411.92,41.19,27.46
206, MAUA B3      ,2,28,0,0, F ,   ,  ,20,55,411.92,41.19,27.46
141, MAUA B4      ,1,28,0,0, F ,   ,  ,5,15,575,57.5,38.33
141, MAUA B4      ,2,28,0,0, F ,   ,  ,5,15,575,57.5,38.33
141, MAUA B4      ,3,28,0,0, F ,   ,  ,5,15,575,57.5,38.33
141, MAUA B4      ,4,28,0,0, F ,   ,  ,5,15,575,57.5,38.33
141, MAUA B4      ,5,28,0,0, F ,   ,  ,5,15,575,57.5,38.33
141, MAUA B4      ,6,28,0,0, F ,   ,  ,5,15,575,57.5,38.33
141, MAUA B4      ,7,28,0,0, F ,   ,  ,5,15,575,57.5,38.33
141, MAUA B4      ,8,28,0,0, F ,   ,  ,5,15,575,57.5,38.33
141, MAUA B4      ,9,28,0,0, F ,   ,  ,5,15,575,57.5,38.33
141, MAUA B4      ,10,28,0,0, F ,   ,  ,5,15,575,57.5,38.33
46, N.VENECIA2   ,1,28,0,0, F ,   ,  ,104,169,208.48,20.85,13.9
46, N.VENECIA2   ,2,28,0,0, F ,   ,  ,6,9,208.48,20.85,13.9
116, PARNAIB_IV   ,1,28,0,0, F ,   ,  ,17,19,91.37,9.14,6.09
116, PARNAIB_IV   ,2,28,0,0, F ,   ,  ,17,19,91.37,9.14,6.09
116, PARNAIB_IV   ,3,28,0,0, F ,   ,  ,17,19,91.37,9.14,6.09
207, PONTA NEGR   ,1,28,0,0, F ,   ,  ,8,17,0,1000,1000
207, PONTA NEGR   ,2,28,0,0, F ,   ,  ,8,17,0,1000,1000
207, PONTA NEGR   ,3,28,0,0, F ,   ,  ,8,17,0,1000,1000
207, PONTA NEGR   ,4,28,0,0, F ,   ,  ,8,17,0,1000,1000
176, P. ITAQUI    ,1,28,0,0, F ,   ,  ,240,360,212.73,21.27,14.18
94, SANTANA II   ,1,28,0,0, F ,   ,  ,10,17,898.56,89.86,59.9
94, SANTANA II   ,2,28,0,0, F ,   ,  ,10,17,898.56,89.86,59.9
94, SANTANA II   ,3,28,0,0, F ,   ,  ,10,17,898.56,89.86,59.9
208, SANTANA I    ,1,28,0,0, F ,   ,  ,7,15,640.96,64.1,42.73
208, SANTANA I    ,2,28,0,0, F ,   ,  ,7,15,640.96,64.1,42.73
208, SANTANA I    ,3,28,0,0, F ,   ,  ,7,15,640.96,64.1,42.73
208, SANTANA I    ,4,28,0,0, F ,   ,  ,7,15,640.96,64.1,42.73
136, SUZANO MA    ,1,28,0,0, F ,   ,  ,90,127,0,1000,1000
136, SUZANO MA    ,2,28,0,0, F ,   ,  ,90,127,0,1000,1000
209, TAMBAQUI     ,5,28,0,0, F ,   ,  ,10,18,0,1000,1000
209, TAMBAQUI     ,6,28,0,0, F ,   ,  ,25,39,0,1000,1000
209, TAMBAQUI     ,7,28,0,0, F ,   ,  ,25,36,0,1000,1000
60, NORTEFLU 1   ,1,28,0,0, F ,   ,  ,145,178,63,6.3,6.3
60, NORTEFLU 1   ,2,28,0,0, F ,   ,  ,145,178,63,6.3,6.3
60, NORTEFLU 1   ,3,28,0,0, F ,   ,  ,145,180,63,6.3,6.3
60, NORTEFLU 1   ,4,28,0,0, F ,   ,  ,145,291,63,6.3,6.3
302, APARECD OC   ,1,28,0,0, F ,   ,  ,10,18,905.99,90.6,60.4
302, APARECD OC   ,2,28,0,0, F ,   ,  ,10,18,905.99,90.6,60.4
303, ELECTRON     ,1,28,0,0, F ,   ,  ,6,15,872.84,87.28,58.19
300, MAUA B1      ,1,28,0,0, F ,   ,  ,10,20,711.77,71.18,47.45
310, SAO JOSE     ,1,28,0,0, F ,   ,  ,10,20,833.53,83.35,55.57
310, SAO JOSE     ,2,28,0,0, F ,   ,  ,8,15,833.53,83.35,55.57
310, SAO JOSE     ,3,28,0,0, F ,   ,  ,8,15,833.53,83.35,55.57
