503.04,502.2841708460754,501.4722764525994,500.6043168195718,499.69711681957176,498.7899168195717,497.88271681957167,496.9755168195716,496.0683168195716,495.16111681957153,494.2539168195715,493.34671681957144,492.4395168195714,491.53231681957135,490.6251168195713,489.71791681957126,488.8107168195712,487.90351681957117,486.9963168195711,486.0891168195711,485.18191681957103,484.274716819571,483.36751681957094,482.4603168195709,481.55311681957085,481.2183168195709,480.8835168195709,480.5487168195709,480.21391681957095,479.879116819571,479.544316819571,479.20951681957104,478.87471681957106,478.5399168195711,478.2051168195711,477.87031681957114,477.53551681957117,477.2007168195712,476.8659168195712,476.53111681957125,476.1963168195713,475.8615168195713,475.52671681957133,475.19191681957136,474.8571168195714,474.5223168195714,474.18751681957144,473.85271681957147,473.5179168195715
11.0,11.0,11.0,11.0,11.0,11.0,11.0,11.0,11.0,11.0,11.0,11.0,11.0,11.0,11.0,11.0,11.0,11.0,11.0,11.0,11.0,11.0,11.0,11.0,11.0,11.0,11.0,11.0,11.0,11.0,11.0,11.0,11.0,11.0,11.0,11.0,11.0,11.0,11.0,11.0,11.0,11.0,11.0,11.0,11.0,11.0,11.0,11.0,11.0
304.0,304.0,304.0,304.0,304.0,304.0,304.0,304.0,304.0,304.0,304.0,304.0,304.0,304.0,304.0,304.0,304.0,304.0,304.0,304.0,304.0,304.0,304.0,304.0,304.0,304.0,304.0,304.0,304.0,304.0,304.0,304.0,304.0,304.0,304.0,304.0,304.0,304.0,304.0,304.0,304.0,304.0,304.0,304.0,304.0,304.0,304.0,304.0,304.0
10553.76,10553.848021534033,10554.139441534033,10554.430861534032,10554.722281534032,10555.013701534031,10555.305121534031,10555.59654153403,10555.88796153403,10556.17938153403,10556.47080153403,10556.762221534029,10557.053641534028,10557.345061534028,10557.636481534028,10557.927901534027,10558.219321534027,10558.510741534026,10558.802161534026,10559.093581534025,10559.385001534025,10559.676421534024,10559.850154291058,10560.023889580529,10560.197627402467,10560.371367756916,10560.545110643907,10560.718856063482,10560.892604015677,10561.066354500526,10561.24010751807,10561.41386306834,10561.587621151379,10561.761381767219,10561.9351449159,10562.108910597459,10562.282678811931,10562.57409881193,10562.86551881193,10563.15693881193,10563.44835881193,10563.739778811929,10564.031198811928,10564.322618811928,10564.614038811927,10564.905458811927,10565.196878811927,10565.457698811926,10565.718518811926
2365.0,2366.76436,2368.5287200000002,2370.2930800000004,2372.0574400000005,2373.8218000000006,2375.5861600000007,2377.350520000001,2379.114880000001,2380.879240000001,2382.6436000000012,2384.4079600000014,2386.1723200000015,2386.489658465969,2386.6035984659693,2386.7175384659695,2386.8314784659697,2386.94541846597,2387.05935846597,2387.17329846597,2387.2872384659704,2387.4011784659706,2387.5151184659708,2387.629058465971,2387.742998465971,2387.8569384659713,2387.9708784659715,2388.0848184659717,2388.198758465972,2388.312698465972,2388.4266384659722,2388.5405784659724,2388.6545184659726,2388.768458465973,2389.0000857089394,2389.2317104194717,2389.463332597533,2389.694952243086,2389.926569356094,2390.1581839365203,2390.3897959843275,2390.6214054994794,2390.853012481938,2391.0846169316674,2391.3162188486303,2391.5656382327898,2391.8150550841087,2392.0644694025505,2392.313881188078
1423.0,1423.0,1423.0,1423.0,1423.0,1423.0,1423.0,1423.0,1423.0,1423.0,1423.0,1423.0,1423.0,1423.0,1423.0,1423.0,1423.0,1423.0,1423.0,1423.0,1423.0,1423.0,1423.0,1423.0,1423.0,1423.0,1423.0,1423.0,1423.0,1423.0,1423.0,1423.0,1423.0,1423.0,1423.0,1423.0,1423.0,1423.0,1423.0,1423.0,1423.0,1423.0,1423.0,1423.0,1423.0,1423.0,1423.0,1423.0,1423.0
450.0,450.0,450.0,450.0,450.0,450.0,450.0,450.0,450.0,450.0,450.0,450.0,450.0,450.0,450.0,450.0,450.0,450.0,450.0,450.0,450.0,450.0,450.0,450.0,450.0,450.0,450.0,450.0,450.0,450.0,450.0,450.0,450.0,450.0,450.0,450.0,450.0,450.0,450.0,450.0,450.0,450.0,450.0,450.0,450.0,450.0,450.0,450.0,450.0
480.0,480.0,480.0,480.0,480.0,480.0,480.0,480.0,480.0,480.0,480.0,480.0,480.0,480.0,480.0,480.0,480.0,480.0,480.0,480.0,480.0,480.0,480.0,480.0,480.0,480.0,480.0,480.0,480.0,480.0,480.0,480.0,480.0,480.0,480.0,480.0,480.0,480.0,480.0,480.0,480.0,480.0,480.0,480.0,480.0,480.0,480.0,480.0,480.0
2244.0,2244.0,2244.0,2244.0,2244.0,2244.0,2244.0,2244.0,2244.0,2244.0,2244.0,2244.0,2244.0,2244.0,2244.0,2244.0,2244.0,2244.0,2244.0,2244.0,2244.0,2244.0,2244.0,2244.0,2244.0,2244.0,2244.0,2244.0,2244.0,2244.0,2244.0,2244.0,2244.0,2244.0,2244.0,2244.0,2244.0,2244.0,2244.0,2244.0,2244.0,2244.0,2244.0,2244.0,2244.0,2244.0,2244.0,2244.0,2244.0
1524.0,1524.0,1524.0,1524.0,1524.0,1524.0,1524.0,1524.0,1524.0,1524.0,1524.0,1524.0,1524.0,1524.0,1524.0,1524.0,1524.0,1524.0,1524.0,1524.0,1524.0,1524.0,1524.0,1524.0,1524.0,1524.0,1524.0,1524.0,1524.0,1524.0,1524.0,1524.0,1524.0,1524.0,1524.0,1524.0,1524.0,1524.0,1524.0,1524.0,1524.0,1524.0,1524.0,1524.0,1524.0,1524.0,1524.0,1524.0,1524.0
242.52,242.52820016452918,242.53640032905835,242.54460049358752,242.5528006581167,242.56100082264587,242.56920098717504,242.5803609871751,242.5915209871752,242.60268098717523,242.6138409871753,242.62500098717538,242.63616098717546,242.64732098717553,242.6555211517047,242.66372131623388,242.67192148076305,242.68012164529222,242.6883218098214,242.69652197435056,242.70472213887973,242.7129223034089,242.72112246793807,242.72932263246724,242.7375227969989,242.74868279699896,242.75984279699904,242.7710027969991,242.7821627969992,242.79332279699923,242.8044827969993,242.81564279699938,242.82680279699946,242.83796279699953,242.8491227969996,242.86028279699968,242.87144279699976,242.88260279699983,242.8937627969999,242.90492279699998,242.91608279700006,242.92724279700013,242.9384027970002,242.94956279700028,242.96072279700036,242.97188279700043,242.9830427970005,242.99420279700058,243.00536279700066
14.0,14.0,14.0,14.0,14.0,14.0,14.0,14.0,14.0,14.0,14.0,14.0,14.0,14.0,14.0,14.0,14.0,14.0,14.0,14.0,14.0,14.0,14.0,14.0,14.0,14.0,14.0,14.0,14.0,14.0,14.0,14.0,14.0,14.0,14.0,14.0,14.0,14.0,14.0,14.0,14.0,14.0,14.0,14.0,14.0,14.0,14.0,14.0,14.0
25.0,25.0,25.0,25.0,25.0,25.0,25.0,25.0,25.0,25.0,25.0,25.0,25.0,25.0,25.0,25.0,25.0,25.0,25.0,25.0,25.0,25.0,25.0,25.0,25.0,25.0,25.0,25.0,25.0,25.0,25.0,25.0,25.0,25.0,25.0,25.0,25.0,25.0,25.0,25.0,25.0,25.0,25.0,25.0,25.0,25.0,25.0,25.0,25.0
4992.8,4994.749211650906,4996.999571650906,4999.249931650906,5001.500291650906,5003.750651650906,5006.001011650906,5008.251371650906,5010.501731650906,5012.752091650906,5015.002451650906,5017.252811650906,5019.503171650906,5021.807531650906,5024.111891650906,5026.416251650906,5028.720611650906,5031.024971650906,5033.329331650906,5035.633691650906,5037.938051650906,5040.242411650906,5042.3723493596835,5044.502455583643,5046.632730336118,5048.422960172567,5050.213331647388,5049.601138231874,5048.021713457128,5047.375145293523,5047.589266596084,5047.693932276001,5046.831423312731,5045.001663185908,5044.138941217246,5042.925070371271,5042.67828641103,5044.60824641103,5046.538206411031,5048.169366411031,5049.800526411031,5051.431686411031,5053.0628464110305,5055.036006411031,5057.009166411031,5058.982326411032,5060.955486411032,5061.430686411032,5061.905886411032
8957.4,8959.906860000103,8962.413720000104,8964.920580000104,8967.427440000103,8969.934300000103,8972.441160000102,8974.948020000102,8977.454880000101,8979.9617400001,8982.4686000001,8984.9754600001,8987.482320000101,8987.868968349196,8987.954468349195,8988.039968349194,8988.125468349193,8988.210968349193,8988.296468349192,8988.381968349191,8988.46746834919,8988.55296834919,8988.638468349189,8988.723968349188,8988.809468349187,8988.894968349186,8988.980468349186,8989.065968349185,8989.151468349184,8989.236968349183,8989.322468349183,8989.407968349182,8989.493468349181,8989.57896834918,8989.838890640403,8990.098644416445,8990.35822966397,8990.617659827521,8990.8769483527,8993.538801768213,8997.167886542959,8999.829914706565,9001.631253404004,9003.542047724088,9006.420016687358,9010.26523681418,9013.143418782844,9016.372749628817,9018.63499358906
1389.6576,1389.5350492392145,1389.5427892392145,1389.5505292392145,1389.5582692392145,1389.5660092392145,1389.5737492392145,1389.5814892392145,1389.5892292392145,1389.5969692392146,1389.6047092392146,1389.6124492392146,1389.6201892392146,1389.6279292392146,1389.6356692392146,1389.6434092392146,1389.6511492392146,1389.6588892392147,1389.6666292392147,1389.6743692392147,1389.6821092392147,1389.6898492392147,1389.6614739465015,1389.4058739465015,1389.1502739465016,1388.8946739465016,1388.6390739465016,1388.3834739465017,1388.1278739465017,1387.8722739465018,1387.6166739465018,1387.3610739465018,1387.105473946502,1387.113213946502,1387.120953946502,1387.128693946502,1387.136433946502,1387.144173946502,1387.151913946502,1387.159653946502,1387.167393946502,1387.175133946502,1387.182873946502,1387.190613946502,1387.198353946502,1387.206093946502,1387.213833946502,1387.221573946502,1387.229313946502
3234.21,3234.221317956018,3234.3235579560182,3234.425797956018,3234.528037956018,3234.630277956018,3234.732517956018,3234.8347579560177,3234.936997956018,3235.0392379560176,3235.1414779560178,3235.2437179560175,3235.3459579560176,3235.4481979560173,3235.5504379560175,3235.652677956017,3235.7549179560174,3235.9419087168026,3235.9986087168027,3236.0553087168028,3236.112008716803,3236.168708716803,3236.225408716803,3236.282108716803,3236.338808716803,3236.3955087168033,3236.4522087168034,3236.5089087168035,3236.5656087168036,3236.6223087168037,3236.6790087168038,3236.735708716804,3236.792408716804,3236.849108716804,3236.905808716804,3236.962508716804,3237.0192087168043,3237.0759087168044,3237.1687240095175,3237.4887640095176,3237.8088040095176,3238.1288440095177,3238.4488840095178,3238.768924009518,3239.088964009518,3239.409004009518,3239.729044009518,3240.049084009518,3240.369124009518
6888.52,6888.411028293746,6888.5006682937465,6888.590308293746,6888.679948293746,6888.769588293746,6888.859228293746,6888.948868293747,6889.038508293747,6889.1281482937475,6889.217788293748,6889.307428293747,6889.397068293747,6889.486708293747,6889.576348293747,6889.6659882937465,6889.755628293747,6889.845268293747,6889.934908293747,6890.024548293746,6890.114188293746,6890.2038282937465,6890.293468293747,6890.411390337728,6890.2608633201435,6890.110332042532,6889.959796504774,6889.809256706748,6889.658712648333,6889.508164329409,6889.357611749857,6889.207054909553,6889.056493808381,6888.905928446216,6888.75535882294,6888.78235882294,6888.80935882294,6888.83635882294,6888.86335882294,6888.8903588229405,6888.9173588229405,6888.944358822941,6888.971358822941,6888.998358822941,6889.025358822941,6889.052358822941,6889.079358822941,6889.106358822941,6889.133358822941
4591.8,4591.7439132754525,4591.793953275453,4591.843993275452,4591.894033275452,4591.944073275452,4591.994113275452,4592.044153275452,4592.094193275452,4592.144233275452,4592.194273275452,4592.2443132754515,4592.294353275452,4592.344393275452,4592.394433275452,4592.444473275452,4592.494513275452,4592.544553275452,4592.594593275452,4592.644633275452,4592.694673275452,4592.744713275452,4592.688643380913,4592.632572487492,4592.576500595172,4592.520427703935,4592.464353813762,4592.265742255711,4592.067127159408,4591.868508524791,4591.669886351793,4591.471260640354,4591.415168059332,4591.3590744790245,4591.302979903618,4591.246884324684,4591.190787746412,4591.240827746412,4591.290867746412,4591.340907746412,4591.390947746412,4591.440987746412,4591.491027746412,4591.541067746412,4591.5911077464125,4591.641147746413,4591.691187746413,4591.741227746413,4591.791267746413
1089.34,1089.6234266906852,1090.0185266906851,1090.413626690685,1090.808726690685,1091.203826690685,1091.598926690685,1091.994026690685,1092.3891266906849,1092.7842266906848,1093.1793266906848,1093.5744266906847,1093.9695266906847,1094.0913134152322,1094.1069734152322,1094.1226334152323,1094.1382934152323,1094.1539534152323,1094.1696134152323,1094.1852734152324,1094.2009334152324,1094.2165934152324,1094.1211257663028,1094.0256470027327,1093.930157123228,1093.834656126494,1093.7391440112372,1093.6436207761626,1093.5480864199758,1093.146783786905,1092.7454344329333,1092.344038352621,1091.9425955405284,1091.5411059912144,1091.2456857705988,1090.950232155182,1090.572012392312,1089.5192852835498,1088.4665591737228,1088.7308707317723,1088.995185828075,1089.2595044626935,1089.5238266356914,1089.7881523471315,1089.909944928153,1090.0317385084606,1090.1535330838674,1090.2753286628003,1090.3971252410727
232.77100000000002,233.14990000000003,233.52880000000002,233.9077,234.28660000000053,234.66550000000052,235.0444000000008,235.42330000000078,235.8022000000008,236.18110000000078,236.5600000000008,236.68607330931565,236.70047330931564,236.71487330931564,236.72927330931563,236.74367330931562,236.75807330931562,236.77247330931561,236.7868733093156,236.8012733093156,236.8156733093156,236.8300733093156,236.8444733093156,236.85887330931558,236.7912041459038,236.7235145599069,236.65580454516123,236.58807409550144,236.5203232047603,236.4525518667686,236.27155647746537,236.09050646366902,236.02054622701166,235.95057599264004,235.88059575883108,235.81060552386128,235.7406052860068,235.19733116211046,234.4616255182974,234.50721575409722,234.85590914011615,235.20475449535363,235.5537518711149,235.9029013187213,236.25219671175614,236.60163192117713,237.03395222624238,238.22285222624237,239.41175222624236
878.67,878.4745799999995,878.8923599999997,878.8970399999998,878.9017199999998,878.9063999999998,878.9110799999999,878.9157599999999,878.9204399999999,878.9251199999999,878.9297999999999,878.9344799999999,878.9391599999999,878.9438399999999,878.9485199999999,878.9531999999999,878.9578799999999,878.9625599999999,878.96724,878.97192,878.9766,878.98128,878.98596,878.99064,878.99532,879.0,878.9963013550254,878.9926225519515,878.988963600066,878.9853245086604,878.981705287029,878.8553736693373,878.8422551267315,878.8291891476158,878.816158986244,878.8031478875004,878.790155857403,878.4732477561769,878.0,878.0,878.0,878.390452397271,878.4778483652238,878.5651390902988,878.6523245266305,878.7394046283383,878.8263793504581,878.9132486498747,879.0
9803.68,9805.7176,9807.755200000018,9809.792800000017,9811.830400000017,9813.868000000017,9815.905600000016,9817.943200000016,9819.980800000016,9822.231820000017,9823.869640000017,9825.507460000017,9827.145280000017,9828.188241999349,9828.339621999348,9828.491001999348,9828.642381999347,9828.793761999346,9828.945141999346,9829.096521999345,9829.247901999344,9829.399281999344,9829.550661999343,9829.702041999342,9829.853421999342,9830.004801999341,9830.15618199934,9830.30756199934,9830.458941999339,9830.610321999338,9830.761701999338,9830.913081999337,9831.064461999336,9831.215841999336,9831.548868756036,9832.782497145106,9834.193653129321,9835.604813947997,9837.015979598127,9838.549882351836,9840.00057229496,9841.534496606797,9843.068427233307,9844.602364170296,9846.13630741488,9847.974192109974,9849.968441842539,9851.78515920151,9853.79431920151
460.0,460.0,460.0,460.0,460.0,460.0,460.0,460.0,460.0,460.0,460.0,460.0,460.0,460.0,460.0,460.0,460.0,460.0,460.0,460.0,460.0,460.0,460.0,460.0,460.0,460.0,460.0,460.0,460.0,460.0,460.0,460.0,460.0,460.0,460.0,460.0,460.0,460.0,460.0,460.0,460.0,460.0,460.0,460.0,460.0,460.0,460.0,460.0,460.0
11764.4,11766.213500000194,11768.027000000195,11769.840500000195,11771.654000000195,11773.467500000195,11775.281000000195,11777.094500000196,11778.908000000196,11780.721500000196,11782.535000000196,11784.348500000197,11786.162000000197,11787.975500000197,11789.789000000197,11791.602500000197,11793.416000000198,11795.477900000198,11797.539800000199,11799.6017000002,11801.6636000002,11803.7255000002,11805.787400000201,11807.849300000202,11809.911200000202,11810.243300000204,11810.575400000185,11810.907500000185,11811.239600000185,11811.571700000184,11811.903800000184,11812.235900000183,11812.568000000183,11812.900100000183,11813.232200000182,11813.564300000182,11813.896400000182,11814.228500000181,11814.56060000018,11814.89270000018,11815.22480000018,11815.55690000018,11815.88900000018,11816.221100000179,11816.553200000179,11816.885300000178,11817.217400000178,11817.549500000177,11817.881600000177
17211.6,19606.565839999697,19587.2316799997,19567.8975199997,19548.5633599997,19529.229199999703,19509.895039999705,19490.560879999706,19471.226719999708,19451.89255999971,19432.55839999971,19413.224239999712,19393.890079999714,19373.321299999712,19352.75251999971,19332.18373999971,19311.614959999708,19291.046179999707,19270.477399999705,19249.908619999704,19229.339839999702,19208.7710599997,19188.2022799997,19167.633499999698,19147.064719999697,19126.495939999695,19105.927159999694,19085.358379999692,19064.78959999969,19044.22081999969,19023.652039999688,19003.083259999687,18982.514479999685,18961.945699999684,18941.376919999682,18920.80813999968,18900.23935999968,18879.670579999678,18859.101799999677,18838.533019999675,18817.964239999674,18797.395459999672,18776.82667999967,18756.25789999967,18735.689119999668,18715.120339999667,18694.551559999665,18673.982779999664,18653.413999999662
2698.78,2698.9619800000014,2699.143960000059,2699.325940000059,2699.5079200000587,2699.6899000000585,2699.8718800000584,2700.053860000058,2700.235840000058,2700.417820000058,2700.5998000000577,2700.7817800000576,2700.9637600000574,2701.1457400000572,2701.327720000057,2701.509700000057,2701.6916800000567,2701.8736600000566,2702.0556400000564,2702.2376200000563,2702.419600000056,2702.601580000056,2702.783560000056,2702.9655400000556,2703.1475200000555,2703.3295000000553,2703.511480000055,2703.693460000055,2703.875440000055,2704.0574200000547,2704.2394000000545,2704.4213800000543,2704.603360000054,2704.785340000054,2704.967320000054,2705.1493000000537,2705.3312800000535,2705.5132600000534,2705.695240000053,2705.877220000053,2706.059200000053,2706.2411800000527,2706.4231600000526,2706.6051400000524,2706.7871200000523,2706.969100000052,2707.151080000052,2707.333060000052,2707.5150400000516
544.0,544.0,544.0,544.0,544.0,544.0,544.0,544.0,544.0,544.0,544.0,544.0,544.0,544.0,544.0,544.0,544.0,544.0,544.0,544.0,544.0,544.0,544.0,544.0,544.0,544.0,544.0,544.0,544.0,544.0,544.0,544.0,544.0,544.0,544.0,544.0,544.0,544.0,544.0,544.0,544.0,544.0,544.0,544.0,544.0,544.0,544.0,544.0,544.0
985.0,985.0,985.0,985.0,985.0,985.0,985.0,985.0,985.0,985.0,985.0,985.0,985.0,985.0,985.0,985.0,985.0,985.0,985.0,985.0,985.0,985.0,985.0,985.0,985.0,985.0,985.0,985.0,985.0,985.0,985.0,985.0,985.0,985.0,985.0,985.0,985.0,985.0,985.0,985.0,985.0,985.0,985.0,985.0,985.0,985.0,985.0,985.0,985.0
6897.28,6898.169019999999,6899.058039999999,6899.947059999999,6900.836079999998,6901.725099999998,6902.6141199999975,6903.503139999997,6904.392159999997,6905.281179999996,6906.170199999996,6907.059219999996,6907.948239999995,6908.821059999995,6909.693879999994,6910.566699999994,6911.4395199999935,6912.312339999993,6913.185159999993,6914.057979999992,6914.930799999992,6915.8036199999915,6916.676439999991,6917.549259999991,6918.42207999999,6919.33269999999,6920.24331999999,6921.153939999989,6922.064559999989,6922.9751799999885,6923.885799999988,6924.796419999988,6925.7070399999875,6926.617659999987,6927.528279999987,6928.4388999999865,6929.349519999986,6930.260139999986,6931.170759999985,6932.081379999985,6932.991999999985,6933.902619999984,6934.813239999984,6935.723859999984,6936.634479999983,6937.545099999983,6938.455719999983,6939.366339999982,6940.276959999982
2720.0,2720.0,2720.0,2720.0,2720.0,2720.0,2720.0,2720.0,2720.0,2720.0,2720.0,2720.0,2720.0,2720.0,2720.0,2720.0,2720.0,2720.0,2720.0,2720.0,2720.0,2720.0,2720.0,2720.0,2720.0,2720.0,2720.0,2720.0,2720.0,2720.0,2720.0,2720.0,2720.0,2720.0,2720.0,2720.0,2720.0,2720.0,2720.0,2720.0,2720.0,2720.0,2720.0,2720.0,2720.0,2720.0,2720.0,2720.0,2720.0
12337.3,9923.0,9923.0,9923.0,9923.0,9923.0,9923.0,9923.0,9923.0,9923.0,9923.0,9923.0,9923.0,9923.0,9923.0,9923.0,9923.0,9923.0,9923.0,9923.0,9923.0,9923.0,9923.0,9923.0,9923.0,9923.0,9923.0,9923.0,9923.0,9923.0,9923.0,9923.0,9923.0,9923.0,9923.0,9923.0,9923.0,9923.0,9923.0,9923.0,9923.0,9923.0,9923.0,9923.0,9923.0,9923.0,9923.0,9923.0,9923.0
3354.0,3354.0,3354.0,3354.0,3354.0,3354.0,3354.0,3354.0,3354.0,3354.0,3354.0,3354.0,3354.0,3354.0,3354.0,3354.0,3354.0,3354.0,3354.0,3354.0,3354.0,3354.0,3354.0,3354.0,3354.0,3354.0,3354.0,3354.0,3354.0,3354.0,3354.0,3354.0,3354.0,3354.0,3354.0,3354.0,3354.0,3354.0,3354.0,3354.0,3354.0,3354.0,3354.0,3354.0,3354.0,3354.0,3354.0,3354.0,3354.0
14400.0,14400.0,14400.0,14400.0,14400.0,14400.0,14400.0,14400.0,14400.0,14400.0,14400.0,14400.0,14400.0,14400.0,14400.0,14400.0,14400.0,14400.0,14400.0,14400.0,14400.0,14400.0,14400.0,14400.0,14400.0,14400.0,14400.0,14400.0,14400.0,14400.0,14400.0,14400.0,14400.0,14400.0,14400.0,14400.0,14400.0,14400.0,14400.0,14400.0,14400.0,14400.0,14400.0,14400.0,14400.0,14400.0,14400.0,14400.0,14400.0
6248.4,6248.936470075129,6249.555310075129,6250.174150075129,6250.792990075129,6251.411830075129,6252.030670075129,6252.649510075129,6253.268350075129,6253.887190075129,6254.506030075129,6255.124870075129,6255.7437100751295,6256.36255007513,6256.98139007513,6257.60023007513,6258.21907007513,6258.83791007513,6259.45675007513,6260.07559007513,6260.612233037103,6261.14888394544,6261.685542800259,6261.690942800259,6261.696342800259,6261.701742800259,6261.707142800259,6261.712542800259,6261.717942800259,6261.723342800259,6261.728742800259,6261.734142800259,6261.739542800259,6261.744942800259,6261.750342800259,6261.755742800259,6261.761142800259,6261.766542800259,6261.762942800259,6262.381782800259,6263.000622800259,6263.6194628002595,6264.23830280026,6264.85714280026,6265.47598280026,6266.09482280026,6266.71366280026,6267.33250280026,6267.95134280026
84.0,84.0,84.0,84.0,84.0,84.0,84.0,84.0,84.0,84.0,84.0,84.0,84.0,84.0,84.0,84.0,84.0,84.0,84.0,84.0,84.0,84.0,84.0,84.0,84.0,84.0,84.0,84.0,84.0,84.0,84.0,84.0,84.0,84.0,84.0,84.0,84.0,84.0,84.0,84.0,84.0,84.0,84.0,84.0,84.0,84.0,84.0,84.0,84.0
7791.47,7792.583492856139,7793.696985712279,7794.810478568417,7795.923971424557,7797.0374642806955,7798.150957136835,7799.264449992974,7800.377942849113,7801.500435705252,7802.622928561392,7803.250351342401,7803.7954041985395,7804.340457054678,7804.885509910817,7805.4305627669555,7805.975615623094,7806.520668479233,7807.065721335372,7807.61077419151,7808.051637541154,7808.4925008907985,7809.037553746937,7809.582606603076,7810.131066603076,7810.679526603076,7811.227986603076,7811.776446603076,7812.324906603076,7812.873366603076,7813.500616497243,7814.127858445045,7814.755092446363,7815.913585302502,7817.072078158641,7818.1447174428495,7819.217356727058,7820.289996011267,7821.448488867406,7822.606981723545,7823.768881723545,7824.930781723545,7826.092681723545,7827.254581723545,7828.416481723545,7829.578381723545,7830.740281723545,7831.902181723545,7833.073081723545
45.0,45.0,45.0,45.0,45.0,45.0,45.0,45.0,45.0,45.0,45.0,45.0,45.0,45.0,45.0,45.0,45.0,45.0,45.0,45.0,45.0,45.0,45.0,45.0,45.0,45.0,45.0,45.0,45.0,45.0,45.0,45.0,45.0,45.0,45.0,45.0,45.0,45.0,45.0,45.0,45.0,45.0,45.0,45.0,45.0,45.0,45.0,45.0,45.0
151.0,151.0,151.0,151.0,151.0,151.0,151.0,151.0,151.0,151.0,151.0,151.0,151.0,151.0,151.0,151.0,151.0,151.0,151.0,151.0,151.0,151.0,151.0,151.0,151.0,151.0,151.0,151.0,151.0,151.0,151.0,151.0,151.0,151.0,151.0,151.0,151.0,151.0,151.0,151.0,151.0,151.0,151.0,151.0,151.0,151.0,151.0,151.0,151.0
212.0,212.0,212.0,212.0,212.0,212.0,212.0,212.0,212.0,212.0,212.0,212.0,212.0,212.0,212.0,212.0,212.0,212.0,212.0,212.0,212.0,212.0,212.0,212.0,212.0,212.0,212.0,212.0,212.0,212.0,212.0,212.0,212.0,212.0,212.0,212.0,212.0,212.0,212.0,212.0,212.0,212.0,212.0,212.0,212.0,212.0,212.0,212.0,212.0
2070.6,2070.7128600000033,2070.8257200000035,2070.9385800000036,2071.0514400000034,2071.1643000000035,2071.2771600000033,2071.3900200000035,2071.502880000003,2071.6157400000034,2071.728600000003,2071.8414600000033,2071.954320000003,2072.067180000003,2072.180040000003,2072.292900000003,2072.405760000003,2072.518620000003,2072.6314800000027,2072.744340000003,2072.8572000000026,2072.970060000003,2073.0829200000026,2073.1957800000027,2073.3086400000025,2073.4215000000027,2073.5343600000024,2073.6472200000026,2073.7600800000023,2073.8729400000025,2073.985800000002,2074.0986600000024,2074.211520000002,2074.3243800000023,2074.437240000002,2074.550100000002,2074.662960000002,2074.775820000002,2074.888680000002,2075.001540000002,2075.1144000000018,2075.227260000002,2075.3401200000017,2075.452980000002,2075.5658400000016,2075.6787000000018,2075.7915600000015,2075.9044200000017,2076.0172800000014
2045.0,2044.203139999997,2043.406279999997,2042.609419999997,2041.8125599999971,2041.0156999999972,2040.2188399999973,2039.4219799999973,2038.6251199999974,2037.8282599999975,2037.0313999999976,2036.2345399999977,2035.4376799999977,2034.6408199999978,2033.8439599999979,2033.047099999998,2032.250239999998,2031.453379999998,2030.6565199999982,2029.8596599999983,2029.0627999999983,2028.2659399999984,2027.4690799999985,2026.6722199999986,2025.8753599999986,2025.0784999999987,2024.2816399999988,2023.4847799999989,2022.687919999999,2021.891059999999,2021.094199999999,2020.2973399999992,2019.5004799999992,2018.7036199999993,2017.9067599999994,2017.1098999999995,2016.3130399999995,2015.5161799999996,2014.7193199999997,2013.9224599999998,2013.1255999999998,2012.32874,2011.53188,2010.73502,2009.9381600000002,2009.1413000000002,2008.3444400000003,2007.5475800000004,1760.54546332174
10311.04,10310.811399999991,10310.582799999951,10310.354199999952,10310.125599999952,10309.896999999952,10309.668399999951,10309.439799999951,10309.21119999995,10308.98259999995,10308.75399999995,10308.55059999995,10308.34719999995,10308.215799999949,10308.084399999949,10307.952999999949,10307.821599999948,10307.648799999948,10307.475999999948,10307.303199999948,10307.130399999947,10307.024199999947,10306.917999999947,10306.811799999947,10306.705599999947,10305.557907143808,10304.410214287669,10303.26252143153,10302.114828575392,10300.967135719253,10299.819442863114,10298.671750006975,10297.524057150837,10296.376364294698,10295.22867143856,10294.08097858242,10292.933285726282,10291.785592870143,10290.637900014004,10289.490207157865,10288.342514301727,10288.998421445587,10289.654328589448,10290.310235733308,10291.070332383664,10291.83042903402,10292.48633617788,10293.142243321741,10540.0
677.0,677.0,677.0,677.0,677.0,677.0,677.0,677.0,677.0,677.0,677.0,677.0,677.0,677.0,677.0,677.0,677.0,677.0,677.0,677.0,677.0,677.0,677.0,677.0,677.0,677.0,677.0,677.0,677.0,677.0,677.0,677.0,677.0,677.0,677.0,677.0,677.0,677.0,677.0,677.0,677.0,677.0,677.0,677.0,677.0,677.0,677.0,677.0,677.0
1918.0,1918.0,1918.0,1918.0,1918.0,1918.0,1918.0,1918.0,1918.0,1918.0,1918.0,1918.0,1918.0,1918.0,1918.0,1918.0,1918.0,1918.0,1918.0,1918.0,1918.0,1918.0,1918.0,1918.0,1918.0,1918.0,1918.0,1918.0,1918.0,1918.0,1918.0,1918.0,1918.0,1918.0,1918.0,1918.0,1918.0,1918.0,1918.0,1918.0,1918.0,1918.0,1918.0,1918.0,1918.0,1918.0,1918.0,1918.0,1918.0
29403.91,29399.753800000002,29395.597600000005,29391.441400000007,29387.285200000006,29383.129000000004,29379.42758611972,29377.940864652992,29377.259221846813,29377.906028210953,29377.168803399785,29378.185331401975,29378.44811197247,29383.509008902125,29388.027073425757,29394.617633286474,29399.136250568223,29402.536060814247,29403.91,29403.91,29403.91,29403.91,29403.91,29403.09492935761,29403.208796383024,29400.876081448434,29399.719728878914,29399.9930742504,29400.461215979158,29400.929381002352,29401.397569321136,29401.865780936678,29402.334015850134,29402.802274062666,29403.91,29403.095122963696,29403.91,29400.528695626082,29396.37249562608,29392.216295626084,29388.060095626082,29383.90389562608,29379.747695626083,29375.591495626082,29371.43529562608,29367.303108256347,29363.873056116943,29359.716856116942,29357.91096774092
887.0799999999999,887.0922400000027,887.1044800000027,887.1167200000027,887.1289600000027,887.1412000000028,887.1534400000028,887.1656800000028,887.1779200000027,887.1901600000027,887.2024000000026,887.2146400000026,887.2268800000027,887.2391200000027,887.2513600000027,887.2636000000027,887.2758400000026,887.2880800000027,887.3003200000027,887.3125600000027,887.3248000000026,887.3370400000026,887.3492800000025,887.3615200000025,887.3737600000026,887.3860000000026,887.3982400000025,887.4104800000025,887.4227200000025,887.4349600000025,887.4472000000025,887.4594400000025,887.4716800000025,887.4839200000025,887.4961600000025,887.5084000000026,887.5206400000026,887.5328800000026,887.5451200000026,887.5573600000026,887.5696000000027,887.5818400000027,887.5940800000027,887.6063200000027,887.6185600000027,887.6308000000028,887.6430400000028,887.6552800000028,887.6675200000028
3308.56,3308.556648713928,3308.586708713928,3308.6167687139277,3308.646828713928,3308.676888713928,3308.706948713928,3308.737008713928,3308.767068713928,3308.797128713928,3308.827188713928,3308.8572487139277,3308.8873087139277,3308.9173687139278,3308.947428713928,3308.977488713928,3309.007548713928,3309.037608713928,3309.067668713928,3309.0977287139276,3309.1277887139277,3309.1578487139277,3309.1545015669326,3309.151154396764,3309.147807203422,3309.144459986907,3309.1411127472174,3309.1377654843545,3309.1344181983172,3309.1310708891056,3309.12772355672,3309.1243762012487,3309.1210288225134,3309.1176814206037,3309.114333995519,3309.1109865472586,3309.107639075823,3309.137699075823,3309.167759075823,3309.197819075823,3309.2278790758232,3309.2579390758233,3309.2879990758233,3309.3180590758234,3309.3481190758234,3309.3781790758235,3309.4082390758235,3309.4382990758236,3309.4683590758236
312.72,312.9230400000002,313.12608000000034,313.3291200000005,313.53216000000054,313.7352000000011,313.93824000000114,314.14128000000113,314.3443200000012,314.54736000000116,314.7504000000012,314.95344000000125,315.1564800000013,315.1918712860731,315.1938512860731,315.1958312860731,315.1978112860731,315.1997912860731,315.2017712860731,315.2037512860731,315.2057312860731,315.2077112860731,315.2096912860731,315.2116712860731,315.2136512860731,315.2156312860731,315.2176112860731,315.2195912860731,315.22157128607313,315.22355128607313,315.22553128607314,315.22751128607314,315.22949128607314,315.23147128607314,315.2668584330684,315.30224560323694,315.3376327965789,315.37302001309445,315.4084072527837,315.4437945156469,315.47918180168415,315.51456911089554,315.54995644328136,315.5853437987529,315.6207311774879,315.6561185793978,315.69150600448273,315.72689345274284,315.7622809241783
706.5,706.7557800000001,707.0115600000005,707.2673400000008,707.5231200000011,707.7789000000101,708.0346800000103,708.2904600000105,708.5462400000107,708.8020200000109,709.0578000000111,709.3135800000113,709.5693600000114,709.8251400000116,710.0809200000118,710.336700000012,710.5924800000122,710.8482600000124,711.1040400000126,711.3598200000127,711.6156000000129,711.8713800000131,712.1271600000133,712.3829400000135,712.6387200000137,712.8945000000139,713.150280000014,713.4060600000142,713.6618400000144,713.9176200000146,714.1734000000148,714.429180000015,714.6849600000152,714.9407400000154,715.1965200000155,715.4523000000157,715.7080800000159,715.9638600000161,716.2196400000163,716.4754200000165,716.7312000000167,716.9869800000168,717.242760000017,717.4985400000172,717.7543200000174,718.0101000000176,718.2658800000178,718.521660000018,718.7774400000181
7.0,6.957971615949844,6.958300218957617,6.958628878168919,6.958957593593363,6.959286365240564,6.959615193120137,6.959944077241703,6.9602730176148775,6.960602014249284,6.9609310671545455,6.9731710671545475,6.9854110671545495,6.9976510671545515,6.997986456847622,6.998321903905003,6.998657408336503,6.998992970151938,6.99932858936112,6.999664265973869,7.0,7.0,7.0,6.998992970151938,6.99932858936112,6.999664265973869,7.0,6.98442027840333,6.968840556806659,6.953260835209988,6.9376811136133165,6.936913896857418,6.921334175260747,6.921656511881951,6.921978903634893,6.922301350529006,6.922623852573722,6.9070441309770505,6.87759999999998,6.889839999999982,6.902079999999984,6.914319999999986,6.926559999999988,6.93879999999999,6.951039999999992,6.963279999999994,6.975519999999996,6.987759999999998,7.0
1.0,1.0,1.0,1.0,1.0,1.0,1.0,1.0,1.0,1.0,1.0,1.0,1.0,1.0,1.0,1.0,1.0,1.0,1.0,1.0,1.0,1.0,1.0,1.0,1.0,1.0,1.0,1.0,1.0,1.0,1.0,1.0,1.0,1.0,1.0,1.0,1.0,1.0,1.0,1.0,1.0,1.0,1.0,1.0,1.0,1.0,1.0,1.0,1.0
126.5,126.5,126.5,126.5,126.5,126.5,126.5,126.5,126.5,126.5,126.5,126.5,126.5,126.5,126.5,126.5,126.5,126.5,126.5,126.5,126.5,126.5,126.5,126.5,126.5,126.5,126.5,126.5,126.5,126.5,126.5,126.5,126.5,126.5,126.5,126.5,126.5,126.5,126.5,126.5,126.5,126.5,126.5,126.5,126.5,126.5,126.5,126.5,126.5
8.0,8.0,8.0,8.0,8.0,8.0,8.0,8.0,8.0,8.0,8.0,8.0,8.0,8.0,8.0,8.0,8.0,8.0,8.0,8.0,8.0,8.0,8.0,8.0,8.0,8.0,8.0,8.0,8.0,8.0,8.0,8.0,8.0,8.0,8.0,8.0,8.0,8.0,8.0,8.0,8.0,8.0,8.0,8.0,8.0,8.0,8.0,8.0,8.0
78.0,78.0,78.0,78.0,78.0,78.0,78.0,78.0,78.0,78.0,78.0,78.0,78.0,78.0,78.0,78.0,78.0,78.0,78.0,78.0,78.0,78.0,78.0,78.0,78.0,78.0,78.0,78.0,78.0,78.0,78.0,78.0,78.0,78.0,78.0,78.0,78.0,78.0,78.0,78.0,78.0,78.0,78.0,78.0,78.0,78.0,78.0,78.0,78.0
84.71000000000001,84.68948000000005,84.66896000000008,84.64844000000012,84.62792000000013,84.63980000000136,84.65168000000146,84.66356000000152,84.67544000000169,84.68732000000186,84.69920000000202,84.71108000000218,84.72296000000235,84.73484000000234,84.74672000000233,84.75860000000233,84.77048000000232,84.78236000000231,84.7942400000023,84.80612000000231,84.8180000000023,84.82988000000229,84.84176000000228,84.85364000000229,84.86552000000228,84.87740000000227,84.88928000000226,84.90116000000226,84.91304000000225,84.92492000000225,84.93680000000224,84.94868000000224,84.96056000000223,84.97244000000222,84.98432000000221,84.99620000000222,85.00808000000221,85.0199600000022,85.03184000000219,85.0437200000022,85.05560000000219,85.06748000000218,85.07936000000217,85.09124000000217,85.10312000000216,85.11500000000217,85.12688000000216,85.13876000000215,85.15064000000214
54.44,54.44,54.44,54.44,54.44,54.44,54.44,54.44,54.44,54.44,54.44,54.44,54.44,54.44,54.44,54.44,54.44,54.44,54.44,54.44,54.44,54.44,54.44,54.44,54.44,54.44,54.44,54.44,54.44,54.44,54.44,54.44,54.44,54.44,54.44,54.44,54.44,54.44,54.44,54.44,54.44,54.44,54.44,54.44,54.44,54.44,54.44,54.44,54.44
34.878,34.58077910540922,34.556868354111515,34.435174355762335,34.41095999999968,34.49411999999969,34.577279999999696,34.6604399999997,34.74359999999971,34.826759999999716,34.90991999999972,34.99307999999973,35.076239999999736,35.15939999999974,35.24255999999975,35.325719999999755,35.40887999999976,35.49203999999977,35.575199999999775,35.65835999999978,35.74151999999979,35.824679999999795,35.9078399999998,35.99099999999981,36.074159999999814,36.15731999999982,36.240479999999835,36.32363999999984,36.40679999999985,36.489959999999854,36.57311999999987,36.656279999999875,36.73943999999988,36.82259999999989,36.905759999999894,36.9889199999999,37.07207999999991,37.155239999999914,37.23839999999993,37.321559999999934,37.40471999999994,37.48787999999995,37.571039999999954,37.65419999999996,37.737359999999974,37.82051999999998,37.90367999999999,37.986839999999994,38.07
180.5951,180.67214000000004,180.7491800000002,180.82622000000026,180.9032600000004,180.98030000000045,181.05734000000058,181.13438000000065,181.21142000000077,181.28846000000084,181.36550000000096,181.44254000000103,181.51958000000107,181.59662000000114,181.6736600000012,181.75070000000127,181.8277400000013,181.90478000000138,181.98182000000145,182.05886000000152,181.92205399176513,181.78512600230448,181.6480759228566,181.51090364456164,181.37360905846268,181.54074866648008,181.41781228697891,181.11563107495505,180.71565732635827,180.2079047213783,179.99345446958517,179.77881300612964,179.5639801605204,179.332265132346,178.9668184604598,178.4675209048529,177.52363307874793,176.75599865015172,175.98767977071438,175.21867583015455,174.58251125579227,174.07930449204906,173.70917408895605,173.47223870224767,173.25178268507906,172.8976050631433,172.82001721779596,172.82109721779597,172.82217721779597
21.68,21.68,21.68,21.68,21.68,21.68,21.68,21.68,21.68,21.68,21.68,21.68,21.68,21.68,21.68,21.68,21.68,21.68,21.68,21.68,21.68,21.68,21.68,21.68,21.68,21.68,21.68,21.68,21.68,21.68,21.68,21.68,21.68,21.68,21.68,21.68,21.68,21.68,21.68,21.68,21.68,21.68,21.68,21.68,21.68,21.68,21.68,21.68,21.68
3487.6134,3487.60818,3487.6029600000047,3487.59774000001,3487.59252000001,3487.5873000000156,3487.5820800000156,3487.576860000021,3487.571640000021,3487.566420000021,3487.561200000021,3487.555980000021,3487.550760000021,3487.545540000021,3487.540320000021,3487.535100000021,3487.529880000021,3487.524660000021,3487.519440000021,3487.514220000021,3487.509000000021,3487.503780000021,3487.498560000021,3487.493340000021,3487.488120000021,3487.482900000021,3487.477680000021,3487.472460000021,3487.467240000021,3487.462020000021,3487.456800000021,3487.451580000021,3487.446360000021,3487.441140000021,3487.435920000021,3487.4307000000213,3487.4254800000213,3487.4202600000212,3487.4150400000212,3487.409820000021,3487.404600000021,3487.399380000021,3487.394160000021,3487.388940000021,3487.383720000021,3487.378500000021,3487.373280000021,3487.368060000021,3487.362840000021
240.3639,240.35652000000536,240.3491400000054,240.34176000000545,240.3343800000055,240.32700000000554,240.31962000000559,240.31224000000563,240.30486000000568,240.29748000000572,240.29010000000574,240.28272000000578,240.27534000000583,240.26796000000587,240.26058000000592,240.25320000000596,240.245820000006,240.23844000000605,240.23106000000607,240.2236800000061,240.21630000000616,240.2089200000062,240.20154000000625,240.1941600000063,240.18678000000634,240.17940000000638,240.17202000000643,240.16464000000647,240.15726000000652,240.14988000000656,240.1425000000066,240.13512000000665,240.1277400000067,240.12036000000674,240.11298000000676,240.1056000000068,240.09822000000685,240.0908400000069,240.08346000000694,240.07608000000698,240.06870000000703,240.06132000000707,240.05394000000712,240.04656000000713,240.03918000000718,240.03180000000722,240.02442000000727,240.0170400000073,240.00966000000736
9902.86,9901.3318,9899.8036,9898.2754,9896.7472,9895.219000000001,9893.6908,9892.177179999995,9890.663559999995,9889.149939999996,9887.636319999996,9886.122699999996,9884.609079999997,9883.095459999997,9881.581839999997,9880.068219999997,9878.554599999998,9877.040979999998,9875.527359999998,9874.013739999999,9872.500119999999,9870.986499999999,9869.47288,9867.95926,9866.44564,9864.93202,9863.4184,9861.90478,9860.391160000001,9858.877540000001,9857.363920000002,9855.850300000002,9854.336680000002,9852.823060000002,9851.309440000003,9849.795820000003,9848.282200000003,9846.768580000004,9845.254960000004,9843.741340000004,9842.227720000004,9840.714100000005,9839.200480000005,9837.686860000005,9836.173240000006,9834.659620000006,9833.146000000006,9831.632380000006,9830.118760000007
423.0925,422.97976857933077,422.8609685793308,422.74216857933084,422.6233685793308,422.50456857933085,422.38576857933083,422.26696857933086,422.14816857933084,422.0293685793309,421.91056857933086,421.7917685793309,421.67296857933087,421.5541685793309,421.4353685793309,421.3165685793309,421.1977685793309,421.07896857933093,420.9601685793309,420.84136857933095,420.7225685793309,420.60376857933096,420.48496857933094,420.366168579331,420.24736857933095,420.128568579331,420.00976857933097,419.890968579331,419.772168579331,419.653368579331,419.534568579331,419.41576857933103,419.296968579331,419.17816857933104,419.059368579331,418.94056857933106,418.82176857933104,418.70296857933107,418.58416857933105,418.4653685793311,418.34656857933106,418.2277685793311,418.1089685793311,417.9901685793311,417.8713685793311,417.7525685793311,417.6337685793311,417.51496857933114,417.3961685793311
20.82,20.82,20.82,20.82,20.82,20.82,20.82,20.82,20.82,20.82,20.82,20.82,20.82,20.82,20.82,20.82,20.82,20.82,20.82,20.82,20.82,20.82,20.82,20.82,20.82,20.82,20.82,20.82,20.82,20.82,20.82,20.82,20.82,20.82,20.82,20.82,20.82,20.82,20.82,20.82,20.82,20.82,20.82,20.82,20.82,20.82,20.82,20.82,20.82
12.0,12.0,12.0,12.0,12.0,12.0,12.0,12.0,12.0,12.0,12.0,12.0,12.0,12.0,12.0,12.0,12.0,12.0,12.0,12.0,12.0,12.0,12.0,12.0,12.0,12.0,12.0,12.0,12.0,12.0,12.0,12.0,12.0,12.0,12.0,12.0,12.0,12.0,12.0,12.0,12.0,12.0,12.0,12.0,12.0,12.0,12.0,12.0,12.0
1.0,1.0,1.0,1.0,1.0,1.0,1.0,1.0,1.0,1.0,1.0,1.0,1.0,1.0,1.0,1.0,1.0,1.0,1.0,1.0,1.0,1.0,1.0,1.0,1.0,1.0,1.0,1.0,1.0,1.0,1.0,1.0,1.0,1.0,1.0,1.0,1.0,1.0,1.0,1.0,1.0,1.0,1.0,1.0,1.0,1.0,1.0,1.0,1.0
16.8364,16.726599999999998,16.616799999999955,16.506999999999955,16.397199999999955,16.29798535521812,16.310750769726887,16.341347490938695,16.401295330122135,16.46125624387583,16.52123023505134,16.610636419153476,16.686602333571344,16.776044585180667,16.828172444759915,16.91764557268423,16.970971934465528,17.060476206831183,17.149999999998812,17.149999999998812,17.149999999998812,17.149999999998812,17.149999999998812,17.149999999998812,17.149999999998812,17.149999999998812,17.149999999998812,17.149999999998812,17.09994253524824,17.12454195162001,17.149999999998812,17.15,17.149999999998812,17.08626035383902,17.11702621299945,17.147798782166316,17.149999999998812,17.040199999998812,16.930399999998812,16.820599999998812,16.710799999998812,16.704698469525734,16.594898469525734,16.684320720604102,16.736428575290297,16.825881693958504,16.89784434062357,16.93248878297231,17.00447468054841
21.0,21.0,21.0,21.0,21.0,21.0,21.0,21.0,21.0,21.0,21.0,21.0,21.0,21.0,21.0,21.0,21.0,21.0,21.0,21.0,21.0,21.0,21.0,21.0,21.0,21.0,21.0,21.0,21.0,21.0,21.0,21.0,21.0,21.0,21.0,21.0,21.0,21.0,21.0,21.0,21.0,21.0,21.0,21.0,21.0,21.0,21.0,21.0,21.0
932.55,932.6157465854494,932.7457065854494,932.920954766462,932.918434766462,932.915914766462,932.913394766462,932.910874766462,932.908354766462,932.905834766462,932.903314766462,932.900794766462,932.898274766462,932.895754766462,932.893234766462,932.890714766462,932.888194766462,932.885674766462,932.883154766462,932.880634766462,932.878114766462,932.875594766462,932.873074766462,932.870554766462,932.9201383171617,933.2732983171617,933.6264583171617,933.9796183171617,934.3327783171617,934.6859383171617,935.0390983171617,935.3922583171617,935.7454183171617,936.0985783171617,936.4517383171617,936.8048983171617,937.1580583171617,937.5112183171617,937.8643783171617,938.2175383171617,938.5706983171617,938.9238583171617,939.2770183171617,939.6301783171617,939.9833383171617,940.3364983171617,940.6896583171617,941.0428183171617,941.3959783171617
3561.434,3561.2987118189876,3561.3411918189877,3561.3836718189873,3561.4261518189874,3561.4686318189874,3561.5111118189875,3561.553591818988,3561.596071818988,3561.638551818988,3561.6810318189882,3561.723511818988,3561.765991818988,3561.808471818988,3561.850951818988,3561.893431818988,3561.935911818988,3561.978391818988,3562.020871818988,3562.063351818988,3562.105831818988,3562.148311818988,3562.138688268288,3561.8254882682886,3561.5122882682886,3561.1990882682885,3560.8858882682885,3560.5726882682884,3560.2594882682884,3559.9462882682883,3559.6330882682882,3559.319888268288,3559.006688268288,3558.693488268288,3558.380288268288,3558.067088268288,3557.753888268288,3557.440688268288,3557.127488268288,3556.814288268288,3556.5010882682877,3556.1878882682877,3555.8746882682876,3555.5614882682876,3555.2482882682875,3554.9350882682875,3554.6218882682874,3554.6643682682875,3554.7068482682876
1407.3,1406.9076297069223,1407.208229706922,1407.5088297069221,1407.8094297069222,1408.1100297069222,1408.4106297069222,1408.7112297069223,1409.0118297069223,1409.3124297069223,1409.6130297069224,1409.9136297069224,1410.2142297069224,1410.5148297069225,1410.8154297069225,1411.1160297069225,1411.4166297069225,1411.7172297069226,1412.0178297069226,1412.3184297069226,1412.6190297069227,1412.9196297069227,1413.1290307586087,1412.4378307586085,1411.7466307586085,1411.0554307586085,1410.3642307586085,1409.6730307586085,1408.9818307586086,1408.2906307586086,1407.5994307586086,1406.9082307586086,1406.2170307586086,1405.3880841731593,1404.4949241731592,1403.6017641731592,1402.708604173159,1402.807244173159,1402.905884173159,1403.0045241731589,1403.1031641731588,1403.2018041731587,1403.3004441731587,1403.3990841731586,1403.4977241731585,1403.5963641731585,1403.6950041731584,1403.7936441731583,1403.8922841731583
897.22,897.22,897.22,897.22,897.22,897.22,897.22,897.22,897.22,897.22,897.22,897.22,897.22,897.22,897.22,897.22,897.22,897.22,897.22,897.22,897.22,897.22,897.22,897.22,897.22,897.22,897.22,897.22,897.22,897.22,897.22,897.22,897.22,897.22,897.22,897.22,897.22,897.22,897.22,897.22,897.22,897.22,897.22,897.22,897.22,897.22,897.22,897.22,897.22
577.22,577.22,577.22,577.22,577.22,577.22,577.22,577.22,577.22,577.22,577.22,577.22,577.22,577.22,577.22,577.22,577.22,577.22,577.22,577.22,577.22,577.22,577.22,577.22,577.22,577.22,577.22,577.22,577.22,577.22,577.22,577.22,577.22,577.22,577.22,577.22,577.22,577.22,577.22,577.22,577.22,577.22,577.22,577.22,577.22,577.22,577.22,577.22,577.22
2075.13,2075.13,2075.13,2075.13,2075.13,2075.13,2075.13,2075.13,2075.13,2075.13,2075.13,2075.13,2075.13,2075.13,2075.13,2075.13,2075.13,2075.13,2075.13,2075.13,2075.13,2075.13,2075.13,2075.13,2075.13,2075.13,2075.13,2075.13,2075.13,2075.13,2075.13,2075.13,2075.13,2075.13,2075.13,2075.13,2075.13,2075.13,2075.13,2075.13,2075.13,2075.13,2075.13,2075.13,2075.13,2075.13,2075.13,2075.13,2075.13
2746.7,2746.7,2746.7,2746.7,2746.7,2746.7,2746.7,2746.7,2746.7,2746.7,2746.7,2746.7,2746.7,2746.7,2746.7,2746.7,2746.7,2746.7,2746.7,2746.7,2746.7,2746.7,2746.7,2746.7,2746.7,2746.7,2746.7,2746.7,2746.7,2746.7,2746.7,2746.7,2746.7,2746.7,2746.7,2746.7,2746.7,2746.7,2746.7,2746.7,2746.7,2746.7,2746.7,2746.7,2746.7,2746.7,2746.7,2746.7,2746.7
4865.8,4866.201823692756,4866.841903692756,4867.481983692756,4868.1220636927565,4868.762143692757,4869.402223692757,4870.042303692757,4870.682383692757,4871.322463692757,4871.962543692757,4872.602623692757,4873.2427036927575,4873.882783692758,4874.522863692758,4875.162943692758,4875.803023692758,4876.443103692758,4877.083183692758,4877.723263692757,4878.363343692758,4879.003423692758,4879.454935177455,4879.256387117914,4879.201307290044,4878.892921905167,4878.584519703741,4878.018831951954,4876.244031951954,4875.289755579029,4874.008854762358,4872.506964582789,4871.739913783155,4869.965113783155,4869.399298402352,4867.6244984023515,4865.8924731076195,4864.117673107619,4862.342873107619,4860.568073107619,4858.793273107619,4857.018473107619,4855.2436731076195,4853.468873107619,4851.694073107619,4849.919273107619,4848.144473107619,4848.784553107619,4849.424633107619
2759.88,2760.131735607743,2760.544475607743,2761.003591914987,2761.2244519149867,2761.4453119149866,2761.6661719149865,2761.8870319149864,2762.1078919149863,2762.3287519149862,2762.549611914986,2762.770471914986,2762.991331914986,2763.212191914986,2763.4330519149858,2763.6539119149857,2763.8747719149856,2764.0956319149855,2764.3164919149854,2764.5373519149853,2764.758211914985,2764.979071914985,2765.199931914985,2765.260239546317,2765.509129069538,2766.408127797309,2767.1637298752808,2768.1727138503475,2769.1818019484444,2770.44827404292,2772.92402028266,2774.579421618359,2776.5616047681538,2778.7649583568814,2780.233631426071,2782.7102243769923,2783.977994698564,2785.6993552202907,2786.066980515023,2786.477380515023,2787.784636896671,2789.8250423280833,2791.2798762601415,2793.3205841289746,2795.3614685769658,2797.4025296193945,2799.443767271541,2802.0795072715414,2804.7152472715416
6281.4400000000005,6281.611666161019,6281.931419469886,6282.246037171012,6282.399650479881,6282.587210479881,6282.774770479881,6282.9623304798815,6283.149890479882,6283.337450479882,6283.525010479882,6283.712570479883,6283.900130479883,6284.087690479883,6284.275250479884,6284.199503572465,6284.123756665046,6284.048009757627,6283.972262850209,6283.754429467945,6283.485025393497,6283.21562131905,6282.946217244603,6282.676813170156,6282.407409095708,6282.701364297349,6282.867482666714,6283.033558398765,6283.133721814608,6283.233808890362,6283.176229611427,6283.118551886474,6283.060712264471,6282.6312472283,6281.404224523711,6279.6266799219375,6277.177786894727,6274.92797722727,6273.149667245787,6272.126692460687,6272.414662658393,6273.435080296379,6273.558665738369,6272.949091856183,6273.852847562996,6274.453094112062,6275.173606210361,6275.955845167932,6276.737907515785
1124.0,1124.0,1124.0,1124.0,1124.0,1124.0,1124.0,1124.0,1124.0,1124.0,1124.0,1124.0,1124.0,1124.0,1124.0,1124.0,1124.0,1124.0,1124.0,1124.0,1124.0,1124.0,1124.0,1124.0,1124.0,1124.0,1124.0,1124.0,1124.0,1124.0,1124.0,1124.0,1124.0,1124.0,1124.0,1124.0,1124.0,1124.0,1124.0,1124.0,1124.0,1124.0,1124.0,1124.0,1124.0,1124.0,1124.0,1124.0,1124.0
3573.0,3573.0,3573.0,3573.0,3573.0,3573.0,3573.0,3573.0,3573.0,3573.0,3573.0,3573.0,3573.0,3573.0,3573.0,3573.0,3573.0,3573.0,3573.0,3573.0,3573.0,3573.0,3573.0,3573.0,3573.0,3573.0,3573.0,3573.0,3573.0,3573.0,3573.0,3573.0,3573.0,3573.0,3573.0,3573.0,3573.0,3573.0,3573.0,3573.0,3573.0,3573.0,3573.0,3573.0,3573.0,3573.0,3573.0,3573.0,3573.0
2806.75,2806.699805967597,2806.649611935194,2806.599417902791,2806.5492238703882,2806.4990298379853,2806.4488358055823,2806.3986417731794,2806.3484477407765,2806.2982537083735,2806.2546937083735,2806.2111337083734,2806.1675737083733,2806.1240137083732,2806.080453708373,2806.036893708373,2805.9933337083735,2805.9497737083734,2805.9062137083733,2805.8626537083733,2805.720680144923,2805.578701551104,2805.4367179267383,2805.294729271648,2805.152735585654,2805.0107368685794,2804.8687331202445,2804.726724340472,2804.584710529083,2804.4426916858997,2804.300667810744,2804.1586389034364,2803.7861979643294,2803.4137570252224,2802.896262369794,2802.4750623697937,2802.053862369794,2801.6326623697937,2801.213246420742,2800.7938156110586,2800.374369940218,2800.001929001111,2799.629929001111,2799.487734601464,2799.444174601464,2799.4006146014644,2799.3570546014644,2799.3134946014643,2799.2699346014642
29.0,29.0,29.0,29.0,29.0,29.0,29.0,29.0,29.0,29.0,29.0,29.0,29.0,29.0,29.0,29.0,29.0,29.0,29.0,29.0,29.0,29.0,29.0,29.0,29.0,29.0,29.0,29.0,29.0,29.0,29.0,29.0,29.0,29.0,29.0,29.0,29.0,29.0,29.0,29.0,29.0,29.0,29.0,29.0,29.0,29.0,29.0,29.0,29.0
620.0,620.0,620.0,620.0,620.0,620.0,620.0,620.0,620.0,620.0,620.0,620.0,620.0,620.0,620.0,620.0,620.0,620.0,620.0,620.0,620.0,620.0,620.0,620.0,620.0,620.0,620.0,620.0,620.0,620.0,620.0,620.0,620.0,620.0,620.0,620.0,620.0,620.0,620.0,620.0,620.0,620.0,620.0,620.0,620.0,620.0,620.0,620.0,620.0
330.0,330.0,330.0,330.0,330.0,330.0,330.0,330.0,330.0,330.0,330.0,330.0,330.0,330.0,330.0,330.0,330.0,330.0,330.0,330.0,330.0,330.0,330.0,330.0,330.0,330.0,330.0,330.0,330.0,330.0,330.0,330.0,330.0,330.0,330.0,330.0,330.0,330.0,330.0,330.0,330.0,330.0,330.0,330.0,330.0,330.0,330.0,330.0,330.0
87.65,87.7202,87.7904,87.8606,87.9308,88.001,88.0712,88.1414,88.3023664441378,88.4633641217986,88.6243930390429,88.7854532019323,88.94654461652964,89.10766728889895,89.26882122510537,89.55756681533259,89.71880804890888,89.8800805693276,89.9502805693276,90.0204805693276,90.0906805693276,90.1608805693276,90.2310805693276,90.3012805693276,90.3714805693276,90.4416805693276,90.5118805693276,90.5820805693276,90.6522805693276,90.7224805693276,90.7926805693276,90.8628805693276,90.9330805693276,91.0032805693276,91.0734805693276,91.0874,91.1576,91.2278,91.298,91.3682,91.4384,91.5086,91.5788,91.649,91.7192,91.7894,91.8596,91.9298,92.0
10.206199999999999,10.100000000001607,10.208292581451706,10.29799999999991,10.19899999999991,10.099999999999909,10.42295395873081,10.747299174411353,11.073041640452814,11.28,11.090233555862193,11.188050256110358,10.99822133886608,11.233988883647337,11.044097469049984,11.28,11.090046063793563,11.198248725254428,11.28,11.28,11.28,11.28,11.28,11.28,11.28,11.28,11.28,11.28,11.181000000000001,11.28,11.28,11.28,11.28,11.181000000000001,11.28,11.28,11.28,11.237280569327599,11.138280569327598,11.039280569327598,10.940280569327598,10.841280569327598,10.742280569327598,10.643280569327597,10.544280569327597,10.6324805693276,10.5334805693276,10.829592560587608,11.28
49.935900000000004,49.493100000000005,49.44241986586161,49.466150515750044,49.55554161717581,49.75677224195612,50.35286272365506,50.94962642426502,51.124871869991644,51.29892319366929,51.47177304987215,51.76366930436923,52.156207748251,52.46723133717303,52.86056437731177,53.03429219466863,53.42826566793739,53.60243703454984,54.2028707734276,54.268224042357474,54.439472520418725,54.342999999999996,54.337599999999995,54.33219999999999,54.32679999999999,54.32139999999999,54.31599999999999,54.31059999999999,54.305199999999985,54.29979999999998,54.393399999999986,54.28899999999999,54.283599999999986,54.278199999999984,54.27279999999998,54.366399999999985,54.261999999999986,54.256599999999985,54.25119999999998,54.344799999999985,54.43839999999999,54.53199999999999,54.62559999999999,54.719199999999994,54.812799999999996,54.9064,55.0,54.9064,55.0
17205.0,17204.807338737563,17204.890678737564,17204.97401873756,17205.057358737562,17205.140698737563,17205.224038737564,17205.307378737565,17205.390718737566,17205.474058737564,17205.557398737565,17205.640738737566,17205.724078737567,17205.807418737564,17205.890758737565,17205.974098737563,17206.057438737564,17206.140778737565,17206.224118737566,17206.307458737567,17206.114813552475,17205.52650878526,17204.93073515503,17203.03353515503,17201.13633515503,17199.239135155032,17197.341935155033,17195.444735155033,17193.547535155034,17191.650335155035,17189.753135155035,17189.836475155036,17189.919815155034,17190.003155155035,17190.086495155032,17190.169835155033,17190.253175155034,17190.336515155035,17190.419855155036,17190.503195155037,17190.58653515504,17190.66987515504,17190.75321515504,17190.83655515504,17190.919895155042,17191.003235155044,17191.086575155045,17191.169915155046,17191.253255155047
2300.0,2300.0,2300.0,2300.0,2300.0,2300.0,2300.0,2300.0,2300.0,2300.0,2300.0,2300.0,2300.0,2300.0,2300.0,2300.0,2300.0,2300.0,2300.0,2300.0,2300.0,2300.0,2300.0,2300.0,2300.0,2300.0,2300.0,2300.0,2300.0,2300.0,2300.0,2300.0,2300.0,2300.0,2300.0,2300.0,2300.0,2300.0,2300.0,2300.0,2300.0,2300.0,2300.0,2300.0,2300.0,2300.0,2300.0,2300.0,2300.0
952.0,952.0,952.0,952.0,952.0,952.0,952.0,952.0,952.0,952.0,952.0,952.0,952.0,952.0,952.0,952.0,952.0,952.0,952.0,952.0,952.0,952.0,952.0,952.0,952.0,952.0,952.0,952.0,952.0,952.0,952.0,952.0,952.0,952.0,952.0,952.0,952.0,952.0,952.0,952.0,952.0,952.0,952.0,952.0,952.0,952.0,952.0,952.0,952.0
2466.284,2466.78242,2467.280840000003,2467.779260000003,2468.2776800000065,2468.7761000000064,2469.27452000001,2469.87014000001,2470.4657600000232,2471.0613800000233,2471.6570000000424,2472.2526200000425,2472.8482400000426,2473.4564600000426,2474.0646800000427,2474.672900000043,2475.281120000043,2475.889340000043,2476.497560000606,2476.891641263042,2477.009721263042,2477.1278012630423,2477.245881263042,2477.3639612630423,2477.4820412630424,2477.600121263042,2477.7182012630424,2477.8362812630426,2477.9543612630428,2478.072441263043,2478.190521263043,2478.308601263043,2478.426681263043,2478.5447612630433,2478.662841263043,2478.780921263043,2478.8990012630434,2479.0170812630436,2479.4111464481343,2480.2008712153447,2480.9980648455758,2483.096684845576,2485.1953048455757,2487.293924845576,2489.392544845576,2491.4911648455763,2493.5897848455766,2495.6884048455768,2497.787024845577
4940.0,4940.0,4940.0,4940.0,4940.0,4940.0,4940.0,4940.0,4940.0,4940.0,4940.0,4940.0,4940.0,4940.0,4940.0,4940.0,4940.0,4940.0,4940.0,4940.0,4940.0,4940.0,4940.0,4940.0,4940.0,4940.0,4940.0,4940.0,4940.0,4940.0,4940.0,4940.0,4940.0,4940.0,4940.0,4940.0,4940.0,4940.0,4940.0,4940.0,4940.0,4940.0,4940.0,4940.0,4940.0,4940.0,4940.0,4940.0,4940.0
5400.0,5400.0,5400.0,5400.0,5400.0,5400.0,5400.0,5400.0,5400.0,5400.0,5400.0,5400.0,5400.0,5400.0,5400.0,5400.0,5400.0,5400.0,5400.0,5400.0,5400.0,5400.0,5400.0,5400.0,5400.0,5400.0,5400.0,5400.0,5400.0,5400.0,5400.0,5400.0,5400.0,5400.0,5400.0,5400.0,5400.0,5400.0,5400.0,5400.0,5400.0,5400.0,5400.0,5400.0,5400.0,5400.0,5400.0,5400.0,5400.0
49495.36,49497.477340000005,49499.59468000001,49501.71202000001,49503.82936000001,49505.946700000015,49508.06404000001,49510.18138000001,49512.298720000006,49514.41606000001,49516.53340000001,49518.65074000001,49520.76808000001,49522.88542000001,49525.00276000001,49527.120100000015,49529.23744000001,49531.354780000016,49533.47212000001,49535.58946000001,49537.70680000001,49539.82414000001,49541.94148000001,49544.05882000001,49546.17616000001,49548.293500000014,49550.41084000001,49552.528180000016,49554.64552000001,49556.01433404231,49556.93167073001,49557.39750976915,49557.86336974343,49558.21559257227,49558.13365923775,49557.617550228584,49556.626537282595,49553.85228044621,49550.629984882515,49550.11284757332,49550.10891962546,49551.64557845446,49552.95362574407,49554.20239277542,49555.427865568985,49556.89580613198,49558.5085366628,49560.538189360406,49562.6555293604
1634.0,1634.0,1634.0,1634.0,1634.0,1634.0,1634.0,1634.0,1634.0,1634.0,1634.0,1634.0,1634.0,1634.0,1634.0,1634.0,1634.0,1634.0,1634.0,1634.0,1634.0,1634.0,1634.0,1634.0,1634.0,1634.0,1634.0,1634.0,1634.0,1634.0,1634.0,1634.0,1634.0,1634.0,1634.0,1634.0,1634.0,1634.0,1634.0,1634.0,1634.0,1634.0,1634.0,1634.0,1634.0,1634.0,1634.0,1634.0,1634.0
12040.869999999999,12040.092400000041,12039.314800000042,12038.537200000043,12037.759600000043,12036.982000000044,12036.204400000044,12035.426800000045,12034.649200000045,12033.871600000046,12033.094000000046,12032.316400000047,12031.538800000048,12030.761200000048,12029.983600000049,12029.20600000005,12028.42840000005,12027.65080000005,12026.873200000051,12026.095600000051,12025.318000000052,12024.540400000053,12023.762800000051,12022.98520000005,12022.20760000005,12021.430000000051,12020.652400000052,12019.874800000052,12019.097200000053,12018.319600000053,12017.542000000054,12016.764400000055,12015.986800000055,12015.209200000056,12014.431600000056,12013.654000000057,12012.876400000057,12012.098800000058,12011.321200000059,12010.543600000059,12009.76600000006,12008.98840000006,12008.21080000006,12007.433200000061,12006.655600000062,12005.87800000006,12005.100400000061,12004.32280000006,12003.54520000006
7979.08,7978.797400000003,7978.514800000003,7978.232200000003,7977.949600000004,7977.667000000004,7977.3844000000045,7977.101800000005,7976.79348479061,7976.51088479061,7976.0482847906105,7975.75410751834,7975.336997988127,7974.874397988127,7974.411797988128,7973.949197988128,7973.486597988128,7973.023997988128,7972.561397988128,7972.098797988128,7971.636197988128,7971.173597988128,7970.710997988128,7970.248397988128,7969.785797988128,7969.323197988128,7968.860597988129,7968.397997988129,7967.935397988129,7967.472797988129,7967.010197988129,7966.547597988129,7966.0849979881295,7965.62239798813,7965.15979798813,7964.69719798813,7964.23459798813,7963.77199798813,7963.3093979881305,7962.846797988131,7962.384197988131,7961.921597988131,7961.458997988131,7961.176397988132,7960.893797988132,7960.611197988132,7960.328597988132,7960.045997988132,7959.763397988132
1226.0,1226.0,1226.0,1226.0,1226.0,1226.0,1226.0,1226.0,1226.0,1226.0,1226.0,1226.0,1226.0,1226.0,1226.0,1226.0,1226.0,1226.0,1226.0,1226.0,1226.0,1226.0,1226.0,1226.0,1226.0,1226.0,1226.0,1226.0,1226.0,1226.0,1226.0,1226.0,1226.0,1226.0,1226.0,1226.0,1226.0,1226.0,1226.0,1226.0,1226.0,1226.0,1226.0,1226.0,1226.0,1226.0,1226.0,1226.0,1226.0
26.0,26.0,26.0,26.0,26.0,26.0,26.0,26.0,26.0,26.0,26.0,26.0,26.0,26.0,26.0,26.0,26.0,26.0,26.0,26.0,26.0,26.0,26.0,26.0,26.0,26.0,26.0,26.0,26.0,26.0,26.0,26.0,26.0,26.0,26.0,26.0,26.0,26.0,26.0,26.0,26.0,26.0,26.0,26.0,26.0,26.0,26.0,26.0,26.0
121.0,121.0,121.0,121.0,121.0,121.0,121.0,121.0,121.0,121.0,121.0,121.0,121.0,121.0,121.0,121.0,121.0,121.0,121.0,121.0,121.0,121.0,121.0,121.0,121.0,121.0,121.0,121.0,121.0,121.0,121.0,121.0,121.0,121.0,121.0,121.0,121.0,121.0,121.0,121.0,121.0,121.0,121.0,121.0,121.0,121.0,121.0,121.0,121.0
3800.0,3800.0,3800.0,3800.0,3800.0,3800.0,3800.0,3800.0,3800.0,3800.0,3800.0,3800.0,3800.0,3800.0,3800.0,3800.0,3800.0,3800.0,3800.0,3800.0,3800.0,3800.0,3800.0,3800.0,3800.0,3800.0,3800.0,3800.0,3800.0,3800.0,3800.0,3800.0,3800.0,3800.0,3800.0,3800.0,3800.0,3800.0,3800.0,3800.0,3800.0,3800.0,3800.0,3800.0,3800.0,3800.0,3800.0,3800.0,3800.0
